index,loan_amnt,funded_amnt,funded_amnt_inv,term,int_rate,installment,grade,sub_grade,emp_title,emp_length,home_ownership,annual_inc,verification_status,issue_d,pymnt_plan,url,desc,purpose,title,zip_code,addr_state,dti,delinq_2yrs,earliest_cr_line,inq_last_6mths,mths_since_last_delinq,mths_since_last_record,open_acc,pub_rec,revol_bal,revol_util,total_acc,initial_list_status,out_prncp,out_prncp_inv,total_pymnt,total_pymnt_inv,total_rec_prncp,total_rec_int,total_rec_late_fee,recoveries,collection_recovery_fee,last_pymnt_d,last_pymnt_amnt,next_pymnt_d,last_credit_pull_d,collections_12_mths_ex_med,mths_since_last_major_derog,policy_code,application_type,annual_inc_joint,dti_joint,verification_status_joint,acc_now_delinq,tot_coll_amt,tot_cur_bal,open_acc_6m,open_il_6m,open_il_12m,open_il_24m,mths_since_rcnt_il,total_bal_il,il_util,open_rv_12m,open_rv_24m,max_bal_bc,all_util,total_rev_hi_lim,inq_fi,total_cu_tl,inq_last_12m,acc_open_past_24mths,avg_cur_bal,bc_open_to_buy,bc_util,chargeoff_within_12_mths,delinq_amnt,mo_sin_old_il_acct,mo_sin_old_rev_tl_op,mo_sin_rcnt_rev_tl_op,mo_sin_rcnt_tl,mort_acc,mths_since_recent_bc,mths_since_recent_bc_dlq,mths_since_recent_inq,mths_since_recent_revol_delinq,num_accts_ever_120_pd,num_actv_bc_tl,num_actv_rev_tl,num_bc_sats,num_bc_tl,num_il_tl,num_op_rev_tl,num_rev_accts,num_rev_tl_bal_gt_0,num_sats,num_tl_120dpd_2m,num_tl_30dpd,num_tl_90g_dpd_24m,num_tl_op_past_12m,pct_tl_nvr_dlq,percent_bc_gt_75,pub_rec_bankruptcies,tax_liens,tot_hi_cred_lim,total_bal_ex_mort,total_bc_limit,total_il_high_credit_limit,Y
1,20000,20000,20000,60,12.29,447.83,C,C1,Director ,6 years,MORTGAGE,250000,Source Verified,15.Sep,n,https://lendingclub.com/browse/loanDetail.action?loan_id=60771589,,debt_consolidation,Debt consolidation,664xx,KS,12.36,0,Feb.93,1,,,20,0,36521,50.4,43,w,16914.05,16914.05,5360.3,5360.3,3085.95,2274.35,0,0,0,16.Oct,447.83,16.Oct,16.Oct,0,,1,INDIVIDUAL,,,,0,0,458093,,,,,,,,,,,,72400,,,,8,25450,14212,51.3,0,0,125,271,8,3,4,8,,0,,0,3,7,5,11,13,15,26,7,20,0,0,0,4,100,40,0,0,525733,88363,29200,73714,0
6,6000,6000,6000,36,13.99,205.04,C,C4,Team Lead,10+ years,MORTGAGE,30000,Verified,15.Sep,n,https://lendingclub.com/browse/loanDetail.action?loan_id=61016609,,debt_consolidation,Debt consolidation,146xx,NY,25.28,0,9.Nov,1,,,10,0,12113,51.1,17,f,3792.63,3792.63,2895.04,2895.04,2207.37,687.67,0,0,0,16.Oct,205.04,16.Nov,16.Oct,0,,1,INDIVIDUAL,,,,0,0,103108,,,,,,,,,,,,23700,,,,5,10311,8216,58.3,0,0,56,70,9,9,1,9,,2,,0,3,5,5,7,3,8,13,5,10,0,0,0,3,100,40,0,0,117932,29181,19700,18962,0
8,20000,20000,20000,36,9.99,645.25,B,B3,Assembly,5 years,MORTGAGE,46000,Verified,15.Sep,n,https://lendingclub.com/browse/loanDetail.action?loan_id=60782745,,debt_consolidation,Debt consolidation,397xx,MS,10.17,1,Dec.94,1,20,,8,0,8598,37.4,21,f,13984.51,13984.51,7731.9,7731.9,6015.49,1716.41,0,0,0,16.Oct,645.25,16.Oct,16.Oct,0,20,1,INDIVIDUAL,,,,0,800,15420,,,,,,,,,,,,23000,,,,3,1928,8885,40.8,0,0,249,132,4,4,0,15,,4,,1,3,7,3,8,8,7,13,7,8,0,0,1,1,95.2,0,0,0,32902,15420,15000,9902,0
9,25000,25000,25000,60,7.89,505.6,A,A5,Software Developer,10+ years,MORTGAGE,110000,Not Verified,15.Sep,n,https://lendingclub.com/browse/loanDetail.action?loan_id=60823020,,credit_card,Credit card refinancing,440xx,OH,8.62,0,Jun.97,0,,,15,0,35849,34,22,w,20753.93,20753.93,6056.24,6056.24,4246.07,1810.17,0,0,0,16.Oct,505.6,16.Oct,16.Oct,0,,1,INDIVIDUAL,,,,0,0,241293,,,,,,,,,,,,105500,,,,4,16086,36071,43.7,0,0,74,219,6,6,4,6,,11,,0,6,12,6,8,1,14,17,12,15,0,0,0,4,100,16.7,0,0,313500,35849,64100,0,0
11,4200,4200,4200,36,14.65,144.88,C,C5,,n/a,RENT,13000,Verified,15.Sep,n,https://lendingclub.com/browse/loanDetail.action?loan_id=60972607,,credit_card,Credit card refinancing,850xx,AZ,35.27,0,11.May,2,,,6,0,5666,48.8,8,f,2998.17,2998.17,1740.26,1740.26,1201.83,538.43,0,0,0,16.Oct,144.88,16.Nov,16.Oct,0,,1,INDIVIDUAL,,,,0,0,11348,,,,,,,,,,,,11600,,,,5,1891,4156,56.7,0,0,16,52,16,16,0,16,,1,,0,3,4,3,4,1,5,7,4,6,0,0,0,0,100,0,0,0,18174,11348,9600,6574,0
12,4000,4000,4000,36,12.29,133.42,C,C1,Production Painter,1 year,RENT,16400,Not Verified,15.Sep,n,https://lendingclub.com/browse/loanDetail.action?loan_id=60982586,,debt_consolidation,Debt consolidation,973xx,OR,38.73,7,5.Jul,0,18,,14,0,8339,67.2,23,f,0,0,581.02,581.02,0,0,0,581.02,104.5836,,0,,16.Oct,0,19,1,INDIVIDUAL,,,,0,0,39380,,,,,,,,,,,,12400,,,,2,3282,861,90.6,0,0,120,122,21,21,0,73,,,18,6,2,2,2,3,14,7,9,2,14,0,0,6,0,63.6,100,0,0,38725,39380,9200,26325,1
13,7000,7000,7000,36,13.99,239.21,C,C4,facility operator,2 years,RENT,78000,Verified,15.Sep,n,https://lendingclub.com/browse/loanDetail.action?loan_id=60802603,,other,Other,585xx,ND,21.62,1,11.Sep,0,10,,8,0,5695,80.2,20,f,5648.2,5648.2,2158.24,2158.24,1351.8,806.44,0,0,0,16.Oct,250,16.Oct,16.Oct,0,,1,INDIVIDUAL,,,,0,0,59105,,,,,,,,,,,,7100,,,,8,7388,305,94.9,0,0,46,48,15,5,0,23,,12,10,0,2,2,3,3,13,4,7,2,8,0,0,0,3,95,66.7,0,0,68213,59105,6000,61113,1
16,12000,12000,12000,36,12.29,400.24,C,C1,Security Hospital Treatment Aide,10+ years,RENT,80000,Not Verified,15.Sep,n,https://lendingclub.com/browse/loanDetail.action?loan_id=60812861,,credit_card,Credit card refinancing,100xx,NY,9.69,0,6.May,0,,78,12,1,8105,48.5,16,f,8477.9,8477.9,4794.69,4794.69,3522.1,1272.59,0,0,0,16.Oct,400.24,16.Oct,16.Oct,0,,1,INDIVIDUAL,,,,0,0,14015,,,,,,,,,,,,16700,,,,7,1274,2572,72,0,0,112,87,12,12,0,13,,11,,0,3,6,3,5,3,11,13,6,12,0,0,0,1,100,66.7,1,0,28224,14015,9200,11524,0
20,6800,6800,6800,36,13.99,232.38,C,C4,Advanced Repair Agent,3 years,RENT,33000,Source Verified,15.Sep,n,https://lendingclub.com/browse/loanDetail.action?loan_id=60750212,,debt_consolidation,Debt consolidation,234xx,VA,22.22,0,6.May,0,,,19,0,13888,77.2,24,f,4840.25,4840.25,2783.27,2783.27,1959.75,823.52,0,0,0,16.Oct,232.38,16.Oct,16.Oct,0,,1,INDIVIDUAL,,,,0,0,60391,,,,,,,,,,,,18000,,,,6,3178,470,90.6,0,0,95,112,3,3,0,16,,10,,0,1,6,1,2,15,6,9,6,19,0,0,0,4,100,100,0,0,62386,60391,5000,44386,0
23,7200,7200,7200,36,8.18,226.23,B,B1,Sheriff's Detective,10+ years,MORTGAGE,105000,Source Verified,15.Sep,n,https://lendingclub.com/browse/loanDetail.action?loan_id=61016539,,debt_consolidation,Debt consolidation,956xx,CA,6.8,1,Jun.98,1,8,,12,0,9094,31.4,28,f,4992.66,4992.66,2711.49,2711.49,2207.34,504.15,0,0,0,16.Oct,226.23,16.Oct,16.Oct,0,63,1,INDIVIDUAL,,,,0,1257,400477,,,,,,,,,,,,29000,,,,7,33373,6269,56.8,0,0,152,207,14,5,6,27,,6,,2,2,3,3,7,5,8,16,3,12,0,0,0,1,89.3,66.7,0,0,454430,22492,14500,40902,0
24,10000,10000,10000,36,13.99,341.73,C,C4,cook,10+ years,RENT,390000,Source Verified,15.Sep,n,https://lendingclub.com/browse/loanDetail.action?loan_id=60647806,,debt_consolidation,Debt consolidation,064xx,CT,2.52,0,Jan.85,2,,,21,0,10258,28,25,f,7118.09,7118.09,4092.99,4092.99,2881.91,1211.08,0,0,0,16.Oct,341.73,16.Oct,16.Oct,0,,1,INDIVIDUAL,,,,0,0,32491,,,,,,,,,,,,36700,,,,13,1547,12930,37.8,0,0,218,368,3,3,0,3,,3,,0,9,11,10,11,4,19,21,11,21,0,0,0,5,100,10,0,0,60930,32491,20800,24230,0
25,16000,16000,16000,36,8.18,502.72,B,B1,Assistant Director of Admissions,9 years,RENT,72000,Source Verified,15.Sep,n,https://lendingclub.com/browse/loanDetail.action?loan_id=60872588,,debt_consolidation,Debt consolidation,805xx,CO,11.58,0,Jun.96,1,62,,13,0,9612,30.1,35,f,0,0,16456.31,16456.31,16000,456.31,0,0,0,16.Mar,8382.82,,16.Feb,0,62,1,INDIVIDUAL,,,,0,0,40825,,,,,,,,,,,,31900,,,,10,3402,8411,49.3,0,0,130,231,1,1,2,1,,2,,1,4,8,5,11,8,9,25,8,13,0,0,0,5,97.1,50,0,0,70347,40825,16600,38447,0
27,10000,10000,10000,36,6.89,308.27,A,A3,Associate Telecomm Engineer,10+ years,OWN,107000,Verified,15.Sep,n,https://lendingclub.com/browse/loanDetail.action?loan_id=60820916,,other,Other,957xx,CA,1.76,0,Sep.92,0,46,,10,0,7328,12.6,27,f,0,0,10302.56,10302.56,10000,302.56,0,0,0,16.Jun,748.5,,16.Oct,0,,1,INDIVIDUAL,,,,0,0,7328,,,,,,,,,,,,87000,,,,1,733,54799,26.4,0,0,142,276,0,0,1,40,46,19,46,0,3,4,5,11,3,10,22,4,10,0,0,0,1,96.2,0,0,0,87000,7328,62000,0,0
28,10000,10000,10000,36,12.29,333.53,C,C1,Financial Advisor,4 years,RENT,58000,Source Verified,15.Sep,n,https://lendingclub.com/browse/loanDetail.action?loan_id=60872732,,debt_consolidation,Debt consolidation,606xx,IL,13.14,0,8.Nov,2,,,7,0,12307,48.6,17,w,7064.97,7064.97,4005.53,4005.53,2935.03,1070.5,0,0,0,16.Oct,333.53,16.Nov,16.Oct,0,,1,INDIVIDUAL,,,,0,0,38494,,,,,,,,,,,,34800,,,,2,5499,19661,42.9,0,0,73,82,2,2,0,2,,2,,0,2,3,4,4,11,5,6,3,7,0,0,0,1,100,50,0,0,65010,38494,27300,30210,0
30,12000,12000,12000,36,14.65,413.94,C,C5,Technician,10+ years,RENT,70000,Source Verified,15.Sep,n,https://lendingclub.com/browse/loanDetail.action?loan_id=60586846,,debt_consolidation,Debt consolidation,270xx,NC,20.73,0,Nov.96,1,70,,7,0,3940,56.3,18,f,8566.22,8566.22,4890.91,4890.91,3433.78,1457.13,0,0,0,16.Sep,413.94,16.Nov,16.Oct,0,,1,INDIVIDUAL,,,,0,0,57177,,,,,,,,,,,,7000,,,,8,8168,60,98.5,0,0,226,32,13,2,0,31,,5,,0,1,1,1,1,13,4,5,1,7,0,0,0,2,94.4,100,0,0,66455,57177,4000,59455,0
31,16075,16075,16075,36,10.99,526.2,B,B4,President,10+ years,MORTGAGE,67000,Source Verified,15.Sep,n,https://lendingclub.com/browse/loanDetail.action?loan_id=60913190,,credit_card,Credit card refinancing,530xx,WI,24.31,0,Sep.70,1,70,38,10,5,21943,65.7,16,f,11291.03,11291.03,6304.59,6304.59,4783.97,1520.62,0,0,0,16.Oct,526.2,16.Oct,16.Oct,0,,1,INDIVIDUAL,,,,0,0,332355,,,,,,,,,,,,33400,,,,2,36928,10257,68.1,0,0,99,540,38,8,3,97,,1,,1,5,5,5,7,2,7,10,5,10,0,0,0,2,87.5,60,0,5,352019,40726,32200,24000,0
32,28000,28000,28000,36,5.32,843.22,A,A1,SOFTWARE ENGINEER,2 years,MORTGAGE,160000,Not Verified,15.Sep,n,https://lendingclub.com/browse/loanDetail.action?loan_id=60545652,,home_improvement,Home improvement,805xx,CO,10.21,0,Sep.94,1,,,9,0,31296,37.7,22,w,19157.41,19157.41,10110.36,10110.36,8842.59,1267.77,0,0,0,16.Oct,843.22,16.Oct,16.Oct,0,,1,INDIVIDUAL,,,,0,0,514340,,,,,,,,,,,,83000,,,,1,57149,51704,37.7,0,0,252,234,8,8,6,8,,0,,0,5,5,5,7,7,5,9,5,9,0,0,0,1,100,0,0,0,629633,39264,83000,25033,0
34,32000,32000,31950,60,13.99,744.42,C,C4,Associate,2 years,MORTGAGE,263500,Source Verified,15.Sep,n,https://lendingclub.com/browse/loanDetail.action?loan_id=60802586,,credit_card,Credit card refinancing,770xx,TX,12.6,2,Nov.94,0,5,,5,0,11694,44.5,8,f,27246.62,27204.05,8918.92,8904.98,4753.38,4165.54,0,0,0,16.Oct,755.17,16.Oct,16.Oct,0,,1,INDIVIDUAL,,,,0,0,488935,,,,,,,,,,,,26300,,,,4,97787,14606,44.5,0,0,44,250,6,6,1,6,,12,14,0,2,2,2,3,2,2,4,2,5,0,0,0,2,75,50,0,0,531672,76733,26300,39511,0
36,5000,5000,5000,36,12.29,166.77,C,C1,Project Manager,8 years,MORTGAGE,100000,Source Verified,15.Sep,n,https://lendingclub.com/browse/loanDetail.action?loan_id=60802595,,home_improvement,Home improvement,123xx,NY,21.64,0,1.Aug,0,,,9,0,43527,92.2,22,f,3532.42,3532.42,1997.83,1997.83,1467.58,530.25,0,0,0,16.Oct,166.77,16.Oct,16.Oct,0,,1,INDIVIDUAL,,,,0,0,224167,,,,,,,,,,,,47200,,,,2,24907,1539,94,0,0,169,106,45,13,2,45,,,,0,2,4,3,4,13,5,7,4,9,0,0,0,0,100,66.7,0,0,277744,63636,25700,33089,0
39,11500,11500,11500,36,11.53,379.39,B,B5,Server,2 years,OWN,23000,Verified,15.Sep,n,https://lendingclub.com/browse/loanDetail.action?loan_id=60972583,,debt_consolidation,Debt consolidation,603xx,IL,34.34,0,Aug.94,0,,,13,0,13402,21.4,19,f,8097.17,8097.17,4545.31,4545.31,3402.83,1142.48,0,0,0,16.Oct,379.39,16.Oct,16.Oct,0,,1,INDIVIDUAL,,,,0,0,24772,,,,,,,,,,,,62700,,,,4,2064,45714,22.6,0,0,26,253,8,8,0,8,,,,0,5,6,7,11,1,12,18,6,13,0,0,0,1,100,0,0,0,79874,24772,59100,17174,0
40,10000,10000,10000,36,8.18,314.2,B,B1,Executive Producer,10+ years,MORTGAGE,235000,Verified,15.Sep,n,https://lendingclub.com/browse/loanDetail.action?loan_id=60395788,,debt_consolidation,Debt consolidation,190xx,PA,21.78,0,May.87,0,,,23,0,53404,72,44,f,0,0,10347.26,10347.26,10000,347.26,0,0,0,16.Mar,9095,,16.Oct,0,,1,INDIVIDUAL,,,,0,0,428694,,,,,,,,,,,,74155,,,,5,18638,6081,76,0,0,177,340,22,5,4,26,,4,,0,10,16,17,17,10,16,31,15,23,,0,0,1,100,70,0,0,495356,176483,60805,131348,0
41,20000,20000,20000,36,10.99,654.68,B,B4,Police Officer,8 years,MORTGAGE,118000,Source Verified,15.Sep,n,https://lendingclub.com/browse/loanDetail.action?loan_id=60972578,,debt_consolidation,Debt consolidation,117xx,NY,9.38,0,5.Aug,0,59,,9,0,4278,49.2,17,f,0,0,21015.85,21015.85,20000,1015.85,0,0,0,16.Mar,18409.34,,16.Oct,0,59,1,INDIVIDUAL,,,,0,1597,305607,,,,,,,,,,,,8700,,,,5,50935,1422,75.1,0,0,78,121,23,1,1,32,59,,59,1,1,1,4,6,9,5,7,1,9,0,0,0,1,94.1,100,0,0,348341,34175,5700,37500,0
42,20000,20000,20000,60,13.99,465.27,C,C4,,n/a,MORTGAGE,53679,Not Verified,15.Sep,n,https://lendingclub.com/browse/loanDetail.action?loan_id=60792657,,other,Other,953xx,CA,28.95,1,Sep.78,0,19,,10,0,5041,53.6,17,w,17029.04,17029.04,5567.7,5567.7,2970.96,2596.74,0,0,0,16.Oct,465.27,16.Oct,16.Oct,0,,1,INDIVIDUAL,,,,0,0,28815,,,,,,,,,,,,9400,,,,3,2882,2232,61.5,0,0,142,444,6,6,0,54,26,,26,0,3,6,3,6,6,7,11,6,10,0,0,0,2,82.4,0,0,0,48056,28815,5800,38656,0
44,5600,5600,5600,36,12.69,187.86,C,C2,Truck Driver,10+ years,MORTGAGE,70000,Source Verified,15.Sep,n,https://lendingclub.com/browse/loanDetail.action?loan_id=61016578,,debt_consolidation,Debt consolidation,317xx,GA,2.62,0,3.Jun,0,,,4,0,3659,39.8,25,f,0,0,6088.12,6088.12,5600,488.12,0,0,0,16.Jul,4589.19,,16.Oct,0,,1,INDIVIDUAL,,,,0,0,3659,,,,,,,,,,,,9200,,,,0,915,0,104.5,0,0,147,133,64,64,3,78,,4,,0,2,2,2,6,8,4,14,2,4,0,0,0,0,100,100,0,0,9200,3659,3500,0,0
46,5000,5000,5000,36,12.29,166.77,C,C1,Manager,9 years,MORTGAGE,108000,Source Verified,15.Sep,n,https://lendingclub.com/browse/loanDetail.action?loan_id=60497220,,other,Other,982xx,WA,10.31,0,1.Mar,0,76,,7,0,17797,70.3,22,f,2009.28,2009.28,3364.29,3364.29,2990.72,373.57,0,0,0,16.Aug,166.77,16.Oct,16.Oct,0,76,1,INDIVIDUAL,,,,0,200,309991,,,,,,,,,,,,25300,,,,5,44284,1958,75.5,0,0,174,155,10,8,5,19,76,1,76,3,2,4,2,6,6,5,11,4,7,0,0,0,3,81.8,50,0,0,324637,52230,8000,37142,1
48,7000,7000,7000,36,13.99,239.21,C,C4,Registered Nurse,< 1 year,MORTGAGE,55000,Verified,15.Sep,n,https://lendingclub.com/browse/loanDetail.action?loan_id=60772568,,medical,Medical expenses,760xx,TX,23.28,0,7.Sep,2,,,25,0,10714,27.8,69,f,4982.67,4982.67,2865.08,2865.08,2017.33,847.75,0,0,0,16.Oct,239.21,16.Oct,16.Oct,0,,1,INDIVIDUAL,,,,0,0,189269,,,,,,,,,,,,38600,,,,15,7571,16531,28.7,0,0,91,96,1,1,1,1,,1,,0,11,17,12,17,43,19,24,17,25,0,0,0,8,100,0,0,0,228789,63506,23200,59881,0
49,20000,20000,20000,60,14.65,472.14,C,C5,CPI Billing Services Senior,10+ years,RENT,60000,Source Verified,15.Sep,n,https://lendingclub.com/browse/loanDetail.action?loan_id=60740588,,debt_consolidation,Debt consolidation,088xx,NJ,18,0,4.Jul,1,42,,15,0,1497,7.8,20,w,17072.95,17072.95,5649.4,5649.4,2927.05,2722.35,0,0,0,16.Oct,472.14,16.Oct,16.Oct,0,42,1,INDIVIDUAL,,,,0,0,24366,,,,,,,,,,,,19300,,,,12,1624,15063,6.4,0,0,24,134,5,3,1,12,55,3,55,4,5,7,7,10,2,13,17,7,15,0,0,0,3,80,0,0,0,49350,24366,16100,30050,0
51,15000,15000,15000,36,12.69,503.18,C,C2,,n/a,RENT,31500,Verified,15.Sep,n,https://lendingclub.com/browse/loanDetail.action?loan_id=60782692,,debt_consolidation,Debt consolidation,765xx,TX,34.97,0,6.Oct,1,,,7,0,4254,61.7,15,f,10616.18,10616.18,6027.58,6027.58,4383.82,1643.76,0,0,0,16.Oct,503.18,16.Oct,16.Oct,0,,1,INDIVIDUAL,,,,0,0,16456,,,,,,,,,,,,6900,,,,5,2351,2646,61.7,0,0,107,74,2,2,0,2,,6,,0,3,3,4,4,10,4,5,3,7,0,0,0,3,100,25,0,0,37277,16456,6900,30377,0
53,15000,15000,15000,36,6.89,462.41,A,A3,Assistant Prosecutor,5 years,RENT,68000,Not Verified,15.Sep,n,https://lendingclub.com/browse/loanDetail.action?loan_id=60547747,,debt_consolidation,Debt consolidation,073xx,NJ,10.24,0,Sep.97,0,,,7,0,13015,33.8,29,w,10339.22,10339.22,5543.18,5543.18,4660.78,882.4,0,0,0,16.Oct,462.41,16.Oct,16.Oct,0,,1,INDIVIDUAL,,,,0,0,238932,,,,,,,,,,,,38500,,,,3,34133,25485,33.8,0,0,137,216,12,8,0,12,,8,,0,4,4,4,4,24,4,5,4,7,0,0,0,2,100,0,0,0,254140,238932,38500,215640,0
54,18925,18925,18925,36,9.99,610.57,B,B3,Head Wrestling Coach,< 1 year,OWN,100000,Source Verified,15.Sep,n,https://lendingclub.com/browse/loanDetail.action?loan_id=60741531,,credit_card,Credit card refinancing,674xx,KS,12.55,0,Oct.79,0,26,,5,0,20085,73.6,22,f,13232.82,13232.82,7326.59,7326.59,5692.18,1634.41,0,0,0,16.Oct,610.57,16.Nov,16.Oct,0,26,1,INDIVIDUAL,,,,0,0,44606,,,,,,,,,,,,27300,,,,3,8921,3566,76.2,0,0,431,367,9,5,2,9,,5,,2,2,3,2,4,8,4,11,3,5,0,0,0,2,90.5,50,0,0,53367,44606,15000,26067,0
55,6600,6600,6600,36,10.99,216.05,B,B4,Police Service Tech,10+ years,RENT,58000,Verified,15.Sep,n,https://lendingclub.com/browse/loanDetail.action?loan_id=60315857,,debt_consolidation,Debt consolidation,945xx,CA,20.79,0,5.Apr,0,,,7,0,7026,25.9,17,f,0,0,6668.13,6668.13,6600,68.13,0,0,0,15.Nov,6672.16,,16.Sep,0,,1,INDIVIDUAL,,,,0,0,30133,,,,,,,,,,,,27100,,,,9,4305,15574,29.5,0,0,33,64,13,6,2,13,,12,,0,2,3,4,6,8,5,7,3,7,0,0,0,3,100,50,0,0,54600,30133,22100,27500,0
57,12400,12400,12400,36,14.65,427.73,C,C5,Full time ,10+ years,MORTGAGE,56000,Verified,15.Sep,n,https://lendingclub.com/browse/loanDetail.action?loan_id=60862476,,debt_consolidation,Debt consolidation,856xx,AZ,10.14,0,5.Oct,1,76,,9,0,16432,39.6,22,f,9790.47,9790.47,3781.63,3781.63,2609.53,1172.1,0,0,0,16.Jun,427.73,16.Oct,16.Oct,0,76,1,INDIVIDUAL,,,,0,0,462705,,,,,,,,,,,,41500,,,,5,51412,13868,54.2,0,0,110,119,2,2,4,2,,2,,1,4,4,4,6,8,6,10,4,9,0,0,0,2,95.2,50,0,0,505717,19481,30300,4000,1
58,18625,18625,18625,60,13.33,426.93,C,C3,city-carrier,10+ years,MORTGAGE,69855,Not Verified,15.Sep,n,https://lendingclub.com/browse/loanDetail.action?loan_id=60882685,,debt_consolidation,Debt consolidation,925xx,CA,17.49,0,3.Oct,1,,75,16,1,7198,28.5,33,w,0,0,20707.9,20707.9,18625,2082.9,0,0,0,16.Aug,16879.32,,16.Aug,0,,1,INDIVIDUAL,,,,0,0,389249,,,,,,,,,,,,25300,,,,6,25950,4646,54,0,0,121,143,10,4,1,18,,0,,0,3,7,4,8,14,12,18,7,16,0,0,0,2,100,25,1,0,363527,37977,10100,39827,0
59,32000,32000,32000,36,13.33,1083.3,C,C3,sales,10+ years,MORTGAGE,125000,Verified,15.Sep,n,https://lendingclub.com/browse/loanDetail.action?loan_id=60741546,,debt_consolidation,Debt consolidation,550xx,MN,17.12,1,5.Apr,0,6,,13,0,23787,85.3,24,f,22749.3,22749.3,13126.84,13126.84,9250.7,3821.97,54.17,0,0,16.Oct,1083.3,16.Nov,16.Oct,0,6,1,INDIVIDUAL,,,,0,0,249322,,,,,,,,,,,,27900,,,,5,19179,525,96.4,0,0,117,125,16,16,3,82,,14,,2,6,11,6,9,6,11,15,11,13,0,0,1,0,95.5,100,0,0,260772,37988,14700,25000,0
63,15000,15000,15000,60,9.99,318.64,B,B3,Lead deckhand,5 years,MORTGAGE,80000,Not Verified,15.Sep,n,https://lendingclub.com/browse/loanDetail.action?loan_id=60752848,,debt_consolidation,Debt consolidation,700xx,LA,19.32,0,4.Jul,0,,,12,0,34561,81.3,41,f,12565.35,12565.35,3815.36,3815.36,2434.65,1380.71,0,0,0,16.Oct,318.64,16.Oct,16.Oct,0,,1,INDIVIDUAL,,,,0,0,137976,,,,,,,,,,,,42500,,,,4,11498,1323,93.2,0,0,117,134,18,18,3,20,,10,,0,5,7,6,19,11,10,27,7,12,0,0,0,0,100,83.3,0,0,160085,47324,19600,18000,0
66,24000,24000,24000,60,12.69,542.28,C,C2,Counsel,10+ years,MORTGAGE,591000,Source Verified,15.Sep,n,https://lendingclub.com/browse/loanDetail.action?loan_id=60842660,,other,Other,105xx,NY,5.98,0,Mar.80,1,,57,12,1,40428,96,21,f,20329.63,20329.63,6490.44,6490.44,3670.37,2820.07,0,0,0,16.Oct,542.28,16.Oct,16.Oct,0,,1,INDIVIDUAL,,,,0,0,1014860,,,,,,,,,,,,42100,,,,7,84572,1397,96.4,0,0,124,417,27,3,2,27,,4,,0,2,3,2,3,11,3,6,3,12,0,0,0,2,100,100,0,1,1120968,179287,39100,153820,0
67,8550,8550,8550,36,13.99,292.18,C,C4,Tax preparer/office manager,10+ years,MORTGAGE,42000,Source Verified,15.Sep,n,https://lendingclub.com/browse/loanDetail.action?loan_id=60762652,,debt_consolidation,Debt consolidation,782xx,TX,20.38,0,2.Jul,0,,,7,0,17466,83.2,11,f,6085.95,6085.95,3499.51,3499.51,2464.05,1035.46,0,0,0,16.Oct,292.18,16.Oct,16.Oct,0,,1,INDIVIDUAL,,,,0,0,128192,,,,,,,,,,,,21000,,,,2,18313,3534,83.2,0,0,158,48,10,10,2,10,,,,0,4,4,4,4,4,4,4,4,7,0,0,0,2,100,75,0,0,183425,28037,21000,21309,0
69,10400,10400,10400,36,12.69,348.87,C,C2,Food Service Director,10+ years,RENT,39000,Verified,15.Sep,n,https://lendingclub.com/browse/loanDetail.action?loan_id=60922500,,debt_consolidation,Debt consolidation,016xx,MA,26.12,1,5.Aug,0,12,,7,0,15801,72.2,24,f,7360.57,7360.57,4179.11,4179.11,3039.43,1139.68,0,0,0,16.Oct,348.87,16.Oct,16.Oct,0,,1,INDIVIDUAL,,,,0,0,34109,,,,,,,,,,,,21900,,,,4,4873,36,98.8,0,0,121,115,20,4,0,44,,21,12,0,1,5,1,1,15,5,9,5,7,0,0,0,1,91.7,100,0,0,45766,34109,3000,23866,0
71,4000,4000,4000,36,12.29,133.42,C,C1,Interventionist,10+ years,RENT,45000,Source Verified,15.Sep,n,https://lendingclub.com/browse/loanDetail.action?loan_id=60772452,,debt_consolidation,Debt consolidation,392xx,MS,2.85,1,Aug.99,0,14,,30,0,3298,66,33,f,2825.88,2825.88,1598.31,1598.31,1174.12,424.19,0,0,0,16.Oct,133.42,16.Oct,16.Oct,0,,1,INDIVIDUAL,,,,0,0,167135,,,,,,,,,,,,5000,,,,4,5571,202,94.2,0,0,193,36,6,6,0,6,,18,,8,2,2,2,2,30,3,3,2,30,0,0,0,3,72.7,100,0,0,146661,167135,3500,141661,0
72,6000,6000,6000,36,7.89,187.72,A,A5,Maintenance ,1 year,MORTGAGE,34000,Source Verified,15.Sep,n,https://lendingclub.com/browse/loanDetail.action?loan_id=61016553,,home_improvement,Home improvement,622xx,IL,2.68,0,May.94,0,73,,3,0,3073,28.7,17,f,0,0,6286.370001,6286.37,6000,286.37,0,0,0,16.Jun,4974.96,,16.May,0,73,1,INDIVIDUAL,,,,0,0,24255,,,,,,,,,,,,10700,,,,1,8085,4127,42.7,0,0,,256,24,24,2,112,,,,1,1,1,1,7,0,2,14,1,3,0,0,0,0,94.1,0,0,0,40950,3073,7200,0,0
73,7800,7800,7800,36,9.17,248.66,B,B2,,n/a,MORTGAGE,80000,Source Verified,15.Sep,n,https://lendingclub.com/browse/loanDetail.action?loan_id=60972542,,other,Other,550xx,MN,5.48,0,Jul.78,0,74,66,4,1,2022,29.7,21,f,5433.52,5433.52,3001.8,3001.8,2366.48,635.32,0,0,0,16.Oct,248.66,16.Nov,16.Oct,0,74,1,INDIVIDUAL,,,,0,0,6091,,,,,,,,,,,,6800,,,,1,1523,978,67.4,0,0,124,446,14,14,0,28,74,14,74,1,2,2,2,8,6,3,15,2,4,0,0,0,0,86.7,50,1,0,16552,6091,3000,9752,0
74,12600,12600,12600,36,11.53,415.68,B,B5,Tax Assessor/Collector,8 years,OWN,62500,Verified,15.Sep,n,https://lendingclub.com/browse/loanDetail.action?loan_id=60812803,,home_improvement,Home improvement,396xx,MS,13.58,0,Oct.98,0,63,,7,0,5996,45.8,16,f,3749.02,3749.02,9958.36,9958.36,8850.98,1107.38,0,0,0,16.Sep,415.68,16.Nov,16.Oct,0,,1,INDIVIDUAL,,,,0,0,24936,,,,,,,,,,,,13100,,,,3,3562,2238,69.8,0,0,141,203,1,1,0,1,63,6,63,0,2,4,3,11,2,6,14,4,7,0,0,0,1,93.7,66.7,0,0,35700,24936,7400,22600,0
75,6000,6000,6000,36,12.29,200.12,C,C1,Manager ,7 years,RENT,25000,Verified,15.Sep,n,https://lendingclub.com/browse/loanDetail.action?loan_id=60922100,,credit_card,Credit card refinancing,606xx,IL,22.32,0,6.Oct,1,,,9,0,4791,44,14,f,4238.95,4238.95,2397.34,2397.34,1761.05,636.29,0,0,0,16.Oct,200.12,16.Oct,16.Oct,0,,1,INDIVIDUAL,,,,0,891,8984,,,,,,,,,,,,10900,,,,4,998,4039,53,0,0,10,107,5,5,0,23,,5,,0,6,7,6,10,1,8,13,7,9,0,0,0,2,100,33.3,0,0,15900,8984,8600,5000,0
77,3600,3600,3600,36,11.53,118.77,B,B5,Helpdesk Analyst,1 year,RENT,40500,Not Verified,15.Sep,n,https://lendingclub.com/browse/loanDetail.action?loan_id=60942762,,credit_card,Credit card refinancing,352xx,AL,36.74,0,6.Mar,3,,,12,0,3750,19.6,22,f,2720.85,2720.85,1185.39,1185.39,879.15,306.24,0,0,0,16.Aug,118.77,16.Oct,16.Oct,0,,1,INDIVIDUAL,,,,0,0,32985,,,,,,,,,,,,19100,,,,3,2749,11350,24.8,0,0,108,114,21,3,0,23,,1,,0,3,3,4,11,6,7,16,3,12,0,0,0,1,100,0,0,0,71221,32985,15100,52121,1
78,9600,9600,9600,36,8.18,301.63,B,B1,Branch Manager,10+ years,MORTGAGE,95000,Source Verified,15.Sep,n,https://lendingclub.com/browse/loanDetail.action?loan_id=61016554,,debt_consolidation,Debt consolidation,957xx,CA,10.9,0,Jun.00,0,48,,11,0,22485,63.9,24,f,6657.01,6657.01,3615.2,3615.2,2942.99,672.21,0,0,0,16.Oct,301.63,16.Oct,16.Oct,0,69,1,INDIVIDUAL,,,,0,0,706603,,,,,,,,,,,,35200,,,,5,64237,8694,70.2,0,0,180,183,7,7,6,27,69,7,69,0,4,5,4,5,8,6,9,5,11,0,0,0,2,91.7,75,0,0,735976,28827,29200,8000,0
79,5000,5000,5000,36,9.99,161.32,B,B3,Mortgage consultant,10+ years,RENT,70000,Source Verified,15.Sep,n,https://lendingclub.com/browse/loanDetail.action?loan_id=60842621,,credit_card,Credit card refinancing,941xx,CA,7.42,10,2.Aug,0,12,,8,0,3718,23.1,18,f,3496.03,3496.03,1933.06,1933.06,1503.97,429.09,0,0,0,16.Oct,161.32,16.Oct,16.Oct,0,12,1,INDIVIDUAL,,,,0,464,9469,,,,,,,,,,,,16100,,,,2,1184,11784,24,0,0,157,149,3,3,0,94,12,,12,4,6,7,6,11,2,7,16,7,8,0,0,5,2,44.4,0,0,0,22100,9469,15500,6000,0
80,5600,5600,5600,36,14.65,193.17,C,C5,Retail clerk,10+ years,MORTGAGE,54000,Verified,15.Sep,n,https://lendingclub.com/browse/loanDetail.action?loan_id=60962705,,debt_consolidation,Debt consolidation,921xx,CA,25.93,0,Dec.92,1,35,72,12,1,11012,65.2,24,f,3997.6,3997.6,2337.42,2337.42,1602.4,735.02,0,0,0,16.Oct,193.17,16.Nov,16.Oct,0,82,1,INDIVIDUAL,,,,0,0,210371,,,,,,,,,,,,16900,,,,5,17531,834,89,0,0,63,273,4,4,5,4,35,4,35,1,3,6,3,8,6,7,13,6,12,0,0,0,2,90.9,100,1,0,255279,31552,7600,33003,0
81,2400,2400,2400,36,7.26,74.4,A,A4,Instructor,5 years,MORTGAGE,90000,Source Verified,15.Sep,n,https://lendingclub.com/browse/loanDetail.action?loan_id=60812798,,debt_consolidation,Debt consolidation,064xx,CT,20.4,0,Jan.92,0,29,,24,0,63220,52.7,34,f,1657.04,1657.04,891.83,891.83,742.96,148.87,0,0,0,16.Oct,74.4,16.Oct,16.Oct,0,34,1,INDIVIDUAL,,,,0,0,63433,,,,,,,,,,,,119900,,,,3,2883,51759,54.2,0,0,125,284,16,16,2,16,29,16,29,1,15,17,17,20,2,21,27,17,24,0,0,0,0,94.1,29.4,0,0,120504,63433,113100,0,0
82,9000,9000,9000,36,10.99,294.61,B,B4,,n/a,OWN,31000,Verified,15.Sep,n,https://lendingclub.com/browse/loanDetail.action?loan_id=60982535,,debt_consolidation,Debt consolidation,763xx,TX,24.24,0,May.97,0,43,,9,0,2397,17,29,w,6321.53,6321.53,3529.82,3529.82,2678.47,851.35,0,0,0,16.Oct,294.61,16.Oct,16.Oct,0,43,1,INDIVIDUAL,,,,0,0,16098,,,,,,,,,,,,14100,,,,3,2012,2523,36.9,0,0,184,220,5,5,0,37,43,12,43,8,1,4,1,10,6,7,23,4,9,0,0,0,2,72.4,0,0,0,37500,16098,4000,23400,0
83,5875,5875,5875,36,11.53,193.82,B,B5,Logistics Chief,10+ years,RENT,61670,Verified,15.Sep,n,https://lendingclub.com/browse/loanDetail.action?loan_id=60932853,,debt_consolidation,Debt consolidation,077xx,NJ,31.04,0,Jun.94,0,,67,14,1,13461,55.6,46,w,4136.59,4136.59,2325.84,2325.84,1738.41,587.43,0,0,0,16.Oct,193.82,16.Nov,16.Oct,0,,1,INDIVIDUAL,,,,0,0,36655,,,,,,,,,,,,24200,,,,9,2618,2594,62.9,0,0,203,255,18,10,2,24,,18,,0,4,11,4,7,19,11,25,11,14,0,0,0,2,100,75,1,0,65500,36655,7000,41300,0
85,10000,10000,10000,36,5.32,301.15,A,A1,Police Sergeant,9 years,MORTGAGE,81000,Not Verified,15.Sep,n,https://lendingclub.com/browse/loanDetail.action?loan_id=60942760,,debt_consolidation,Debt consolidation,791xx,TX,12.9,0,Aug.87,1,,,12,0,18623,24,22,f,6841.94,6841.94,3612.31,3612.31,3158.06,454.25,0,0,0,16.Oct,301.15,16.Oct,16.Oct,0,,1,INDIVIDUAL,,,,0,0,154753,,,,,,,,,,,,77700,,,,4,12896,50745,26.7,0,0,141,337,3,3,4,3,,3,,0,6,7,7,9,4,10,13,7,12,0,0,0,2,100,0,0,0,232931,33303,69200,26131,0
86,7500,7500,7500,36,13.33,253.9,C,C3,,n/a,RENT,35000,Source Verified,15.Sep,n,https://lendingclub.com/browse/loanDetail.action?loan_id=60913155,,debt_consolidation,Debt consolidation,327xx,FL,21.88,0,1.Nov,1,,86,4,1,1042,41.7,9,f,5323.15,5323.15,3054.81,3054.81,2176.85,877.96,0,0,0,16.Oct,253.9,16.Nov,16.Oct,0,,1,INDIVIDUAL,,,,0,56,19228,,,,,,,,,,,,2500,,,,4,4807,1458,41.7,0,0,166,57,13,9,1,13,,0,,0,2,2,2,2,6,2,2,2,4,0,0,0,1,100,50,1,0,25258,19228,2500,22758,0
87,6000,6000,6000,36,9.99,193.58,B,B3,Financial Analyst,10+ years,OWN,72500,Not Verified,15.Sep,n,https://lendingclub.com/browse/loanDetail.action?loan_id=60802535,,other,Other,770xx,TX,27,0,Aug.89,1,32,,6,0,9819,54.5,20,f,0,0,6521.910001,6521.91,6000,521.91,0,0,0,16.Oct,4395.86,,16.Oct,0,,1,INDIVIDUAL,,,,0,0,109841,,,,,,,,,,,,18000,,,,5,18307,4770,63.3,0,0,166,239,7,7,1,21,,0,,0,3,4,3,8,8,4,10,4,6,0,0,0,3,95,33.3,0,0,124146,109841,13000,106146,0
88,15000,15000,15000,60,12.69,338.93,C,C2,City Clerk,10+ years,RENT,123000,Source Verified,15.Sep,n,https://lendingclub.com/browse/loanDetail.action?loan_id=60932846,,credit_card,Credit card refinancing,928xx,CA,14.1,0,Apr.88,1,,,8,0,42777,39.4,26,f,0,0,2898.2,2898.2,646.66,559.55,0,1691.99,304.5582,16.Feb,100,,16.Oct,0,,1,INDIVIDUAL,,,,0,0,61371,,,,,,,,,,,,108500,,,,4,7671,37905,39.8,0,0,96,329,3,3,5,3,,0,,0,3,5,4,7,4,7,17,5,8,0,0,0,4,100,25,0,0,128500,61371,63000,20000,1
89,5000,5000,5000,36,13.33,169.27,C,C3,Owner,8 years,RENT,131000,Verified,15.Sep,n,https://lendingclub.com/browse/loanDetail.action?loan_id=60762625,,debt_consolidation,Debt consolidation,347xx,FL,39.13,0,Jul.66,0,47,,18,0,16988,34.9,37,w,0,0,842.65,842.65,581.42,261.23,0,0,0,16.Mar,169.27,,16.Oct,0,,1,INDIVIDUAL,,,,0,0,127850,,,,,,,,,,,,49000,,,,4,7991,28312,37.8,0,0,123,590,24,4,2,24,49,11,49,0,6,6,11,19,7,14,26,6,18,0,0,0,2,100,50,0,0,173595,127850,45300,54663,1
90,35000,35000,35000,36,14.65,1207.3,C,C5,Sr Systems Analyst,1 year,MORTGAGE,125000,Source Verified,15.Sep,n,https://lendingclub.com/browse/loanDetail.action?loan_id=60772485,,credit_card,Credit card refinancing,549xx,WI,13.25,0,3.Aug,1,,,34,0,41079,96.4,65,f,24985.12,24985.12,14459.11,14459.11,10014.88,4444.23,0,0,0,16.Oct,1207.3,16.Oct,16.Oct,0,,1,INDIVIDUAL,,,,0,0,304367,,,,,,,,,,,,42600,,,,6,9223,334,99.1,0,0,126,145,3,3,7,3,,5,,0,11,13,11,15,39,15,19,13,34,0,0,0,2,100,100,0,0,320121,138204,38800,101381,0
91,3100,3100,3100,36,9.99,100.02,B,B3,Senior Project Manager,3 years,MORTGAGE,85000,Source Verified,15.Sep,n,https://lendingclub.com/browse/loanDetail.action?loan_id=60932855,,credit_card,Credit card refinancing,773xx,TX,19.48,0,2.Oct,0,44,,9,0,6785,84.8,28,f,2167.53,2167.53,1186.47,1186.47,932.47,254,0,0,0,16.Sep,100.02,16.Nov,16.Oct,0,44,1,INDIVIDUAL,,,,0,0,91928,,,,,,,,,,,,8000,,,,5,10214,73,98.3,0,0,155,124,5,5,2,5,44,9,44,6,3,5,3,10,14,5,12,5,9,0,0,0,1,80.8,100,0,0,125673,91928,4300,117673,0
92,25600,25600,25600,36,7.89,800.92,A,A5,Director,4 years,MORTGAGE,140000,Not Verified,15.Sep,n,https://lendingclub.com/browse/loanDetail.action?loan_id=10538145,,credit_card,Credit card refinancing,928xx,CA,22.61,0,Sep.91,0,46,,12,0,7292,12.6,38,w,11707.22,11707.22,15373.86,15373.86,13892.78,1481.08,0,0,0,16.Sep,1000,16.Nov,16.Oct,0,46,1,INDIVIDUAL,,,,0,0,673694,,,,,,,,,,,,57800,,,,7,56141,25508,22.2,0,0,123,288,7,3,5,7,,3,,2,1,1,5,10,15,7,17,1,12,0,0,0,4,94.7,20,0,0,749334,106869,32800,122184,0
94,5000,5000,5000,36,11.53,164.96,B,B5,Customer Service ,10+ years,MORTGAGE,43000,Source Verified,15.Sep,n,https://lendingclub.com/browse/loanDetail.action?loan_id=60890849,,debt_consolidation,Debt consolidation,550xx,MN,25.79,0,5.Nov,3,,,10,0,11288,48.9,21,f,3520.41,3520.41,1976.32,1976.32,1479.59,496.73,0,0,0,16.Oct,164.96,16.Oct,16.Oct,0,,1,INDIVIDUAL,,,,0,0,146899,,,,,,,,,,,,23100,,,,3,14690,3742,66.3,0,0,85,118,11,11,3,11,,1,,0,2,7,3,4,4,8,14,7,10,0,0,0,1,100,33.3,0,0,169213,16082,11100,8000,0
95,3500,3500,3500,36,9.99,112.92,B,B3,City Administrator,8 years,MORTGAGE,80000,Source Verified,15.Sep,n,https://lendingclub.com/browse/loanDetail.action?loan_id=60782682,,credit_card,Credit card refinancing,557xx,MN,20.46,0,Oct.98,0,39,,6,0,2686,72.6,22,f,0,0,3808.53,3808.53,3500,308.53,0,0,0,16.Oct,2568.35,,16.Oct,0,52,1,INDIVIDUAL,,,,0,0,166836,,,,,,,,,,,,3700,,,,2,27806,916,73.8,0,0,203,150,20,20,1,20,52,3,52,5,2,3,2,8,12,3,9,3,6,0,0,0,0,76.2,50,0,0,185157,55847,3500,55574,0
96,4000,4000,4000,36,7.89,125.15,A,A5,,n/a,RENT,17627,Verified,15.Sep,n,https://lendingclub.com/browse/loanDetail.action?loan_id=60913165,,debt_consolidation,Debt consolidation,330xx,FL,1.7,0,Jun.99,0,,,2,0,611,20.4,4,f,2769.95,2769.95,1500.05,1500.05,1230.05,270,0,0,0,16.Oct,125.15,16.Oct,16.Oct,0,,1,INDIVIDUAL,,,,0,0,611,,,,,,,,,,,,3000,,,,0,611,2389,20.4,0,0,170,195,56,56,0,56,,,,0,1,1,2,2,1,2,3,1,2,0,0,0,0,100,0,0,0,3000,611,3000,0,0
97,26000,26000,25950,60,14.65,613.78,C,C5,Instructional Facilitator,10+ years,RENT,73000,Source Verified,15.Sep,n,https://lendingclub.com/browse/loanDetail.action?loan_id=60870246,,debt_consolidation,Debt consolidation,291xx,SC,31.63,0,Feb.95,0,,,21,0,34596,58.9,32,f,22194.86,22152.17,7344.2,7330.08,3805.14,3539.06,0,0,0,16.Oct,613.78,16.Oct,16.Oct,0,,1,INDIVIDUAL,,,,0,0,73075,,,,,,,,,,,,58700,,,,2,3654,11871,37.5,0,0,151,247,24,13,2,27,,,,0,4,16,4,5,6,18,24,16,21,0,0,0,0,100,75,0,0,107253,73075,19000,48553,0
100,6000,6000,6000,36,13.33,203.12,C,C3,Asset Protection,3 years,RENT,35000,Source Verified,15.Sep,n,https://lendingclub.com/browse/loanDetail.action?loan_id=60782652,,credit_card,Credit card refinancing,554xx,MN,6.69,0,9.Aug,1,,,6,0,8788,25.9,7,f,4258.51,4258.51,2433,2433,1741.49,691.51,0,0,0,16.Oct,203.12,16.Oct,16.Oct,0,,1,INDIVIDUAL,,,,0,0,8788,,,,,,,,,,,,33900,,,,4,1758,15208,36.4,0,0,,73,5,5,0,5,,5,,0,3,4,5,6,0,6,7,4,6,0,0,0,3,100,25,0,0,33900,8788,23900,0,0
101,8525,8525,8525,36,13.99,291.33,C,C4,RN,4 years,MORTGAGE,60000,Source Verified,15.Sep,n,https://lendingclub.com/browse/loanDetail.action?loan_id=60823056,,debt_consolidation,Debt consolidation,826xx,WY,10.94,0,3.Nov,2,,79,10,1,3864,46.6,14,f,6068.1,6068.1,3489.33,3489.33,2456.9,1032.43,0,0,0,16.Oct,291.33,16.Oct,16.Oct,0,,1,INDIVIDUAL,,,,0,0,193065,,,,,,,,,,,,8300,,,,3,24133,382,74.5,0,0,128,142,4,4,1,61,,1,,0,1,3,2,3,5,5,8,3,10,0,0,0,2,100,0,1,0,209692,24321,1500,31526,0
102,25000,25000,25000,60,13.33,573.06,C,C3,Marketing Manager,10+ years,MORTGAGE,180000,Not Verified,15.Sep,n,https://lendingclub.com/browse/loanDetail.action?loan_id=60782633,,debt_consolidation,Debt consolidation,301xx,GA,32.4,0,Jan.85,1,,,30,0,139297,89.4,44,f,21231.02,21231.02,6858.21,6858.21,3768.98,3089.23,0,0,0,16.Oct,573.06,16.Oct,16.Oct,0,,1,INDIVIDUAL,,,,0,0,677944,,,,,,,,,,,,149900,,,,7,22598,2041,97.3,0,0,61,367,14,1,6,24,,2,,0,10,19,11,15,10,20,26,19,30,0,0,0,2,100,90.9,0,0,721989,205894,74900,92082,0
103,9600,9600,9600,36,10.99,314.25,B,B4,Retail Store Manaer ,7 years,RENT,72000,Source Verified,15.Sep,n,https://lendingclub.com/browse/loanDetail.action?loan_id=59849497,,other,Other,113xx,NY,9.73,0,6.Sep,0,74,,11,0,9006,67.7,19,f,0,0,10516.35,10516.35,9600,916.35,0,0,0,16.Oct,7065.46,,16.Oct,0,74,1,INDIVIDUAL,,,,0,0,23988,,,,,,,,,,,,13300,,,,0,2399,3049,69.2,0,0,108,105,81,43,0,100,74,,74,1,2,3,2,4,10,4,8,3,11,0,0,0,0,84.2,0,0,0,37165,23988,9900,20609,0
104,20000,20000,20000,60,14.65,472.14,C,C5,Retail Manager,10+ years,MORTGAGE,60000,Source Verified,15.Sep,n,https://lendingclub.com/browse/loanDetail.action?loan_id=59181022,,debt_consolidation,Debt consolidation,922xx,CA,11.84,0,Aug.99,1,50,,12,0,33289,60.5,23,w,17072.95,17072.95,5649.4,5649.4,2927.05,2722.35,0,0,0,16.Oct,472.14,16.Oct,16.Oct,0,55,1,INDIVIDUAL,,,,0,0,113982,,,,,,,,,,,,55000,,,,6,9499,16114,60.2,0,0,193,158,5,4,3,5,55,5,55,0,5,7,8,14,2,11,18,7,12,0,0,0,4,91.3,50,0,0,137390,33289,40500,0,0
106,16000,16000,16000,36,10.99,523.75,B,B4,Registered Nurse,8 years,MORTGAGE,80000,Verified,15.Sep,n,https://lendingclub.com/browse/loanDetail.action?loan_id=60913125,,debt_consolidation,Debt consolidation,277xx,NC,11.39,0,6.May,0,48,,10,0,14,0.1,35,w,11238.29,11238.29,6275.23,6275.23,4761.71,1513.52,0,0,0,16.Oct,523.75,16.Oct,16.Oct,0,,1,INDIVIDUAL,,,,0,0,30923,,,,,,,,,,,,11100,,,,11,3092,9286,0.2,0,0,112,112,9,1,0,15,,13,48,0,1,1,4,14,11,6,24,1,10,0,0,0,7,82.9,0,0,0,47303,30923,9300,36203,0
107,22250,22250,22250,36,12.69,746.38,C,C2,Sales,10+ years,MORTGAGE,90000,Source Verified,15.Sep,n,https://lendingclub.com/browse/loanDetail.action?loan_id=61006972,,credit_card,Credit card refinancing,392xx,MS,20.99,4,Dec.89,2,8,,6,0,5683,91.7,36,f,15747.38,15747.38,8851.56,8851.56,6502.62,2348.94,0,0,0,16.Sep,746.38,16.Nov,16.Oct,0,25,1,INDIVIDUAL,,,,0,0,41031,,,,,,,,,,,,6200,,,,5,6839,441,89.5,0,0,131,309,1,1,3,21,19,5,19,5,2,3,2,8,20,3,13,3,6,0,0,0,3,63.9,50,0,0,59095,41031,4200,52895,0
108,15000,15000,15000,60,13.33,343.84,C,C3,President,3 years,RENT,30750,Not Verified,15.Sep,n,https://lendingclub.com/browse/loanDetail.action?loan_id=61016507,,debt_consolidation,Debt consolidation,330xx,FL,34.23,0,6.Jun,0,35,,8,0,9119,49.8,11,f,12738.56,12738.56,4114.97,4114.97,2261.44,1853.53,0,0,0,16.Oct,343.84,16.Oct,16.Oct,0,,1,INDIVIDUAL,,,,0,0,27807,,,,,,,,,,,,18300,,,,1,3476,4257,60.2,0,0,101,111,34,22,0,34,,11,,0,3,4,3,3,4,5,6,4,8,0,0,0,0,90.9,33.3,0,0,53742,27807,10700,28950,0
109,15000,15000,15000,36,12.69,503.18,C,C2,Engineer,< 1 year,MORTGAGE,100000,Verified,15.Sep,n,https://lendingclub.com/browse/loanDetail.action?loan_id=60932813,,debt_consolidation,Debt consolidation,801xx,CO,10.73,0,1.Sep,1,61,95,19,1,15685,37.5,36,f,10616.18,10616.18,6032.86,6032.86,4383.82,1649.04,0,0,0,16.Oct,503.18,16.Oct,16.Oct,0,61,1,INDIVIDUAL,,,,0,0,374534,,,,,,,,,,,,41800,,,,10,20807,10538,52.7,0,0,153,168,10,1,4,10,,1,,1,4,9,6,6,11,16,21,9,19,0,0,0,7,100,33.3,1,0,407748,27858,22300,18760,0
110,10000,10000,10000,36,10.99,327.34,B,B4,"SVP, CFO/COO",2 years,RENT,115000,Verified,15.Sep,n,https://lendingclub.com/browse/loanDetail.action?loan_id=60832758,,debt_consolidation,Debt consolidation,298xx,SC,13.73,0,Mar.86,2,60,,18,0,28972,69.8,43,f,7023.98,7023.98,3921.97,3921.97,2976.02,945.95,0,0,0,16.Oct,327.34,16.Oct,16.Oct,0,60,1,INDIVIDUAL,,,,0,0,69530,,,,,,,,,,,,41500,,,,9,4090,5900,80.6,0,0,122,354,2,2,3,2,,4,,1,10,13,11,21,8,15,31,13,18,0,0,0,5,93,72.7,0,0,99325,48749,30400,27825,0
111,24000,24000,24000,60,13.33,550.14,C,C3,Maintenance Lead,2 years,RENT,61440,Not Verified,15.Sep,n,https://lendingclub.com/browse/loanDetail.action?loan_id=60719185,,debt_consolidation,Debt consolidation,940xx,CA,31.21,0,7.Jul,0,35,,10,0,8726,80.1,20,f,20381.75,20381.75,6583.91,6583.91,3618.25,2965.66,0,0,0,16.Oct,550.14,16.Oct,16.Oct,0,,1,INDIVIDUAL,,,,0,0,54612,,,,,,,,,,,,10900,,,,2,5461,1659,83.6,0,0,98,93,32,10,0,58,35,9,35,0,5,6,5,6,11,6,9,6,10,0,0,0,1,95,80,0,0,79806,54612,10100,68906,0
113,14000,14000,14000,36,9.99,451.68,B,B3,Management ,< 1 year,RENT,43000,Source Verified,15.Sep,n,https://lendingclub.com/browse/loanDetail.action?loan_id=60820820,,credit_card,Credit card refinancing,330xx,FL,14.65,0,4.Oct,0,,,15,0,15094,51,22,f,2415.76,2415.76,12412.39,12412.39,11584.24,828.15,0,0,0,16.Oct,451.68,16.Oct,16.Oct,0,,1,INDIVIDUAL,,,,0,0,21542,,,,,,,,,,,,29600,,,,5,1539,5439,71.4,0,0,120,131,0,0,0,3,,18,,0,5,8,6,8,9,11,13,8,15,0,0,0,4,100,66.7,0,0,44100,21542,19000,14500,0
114,11100,11100,11100,36,12.69,372.35,C,C2,Server,3 years,RENT,50000,Source Verified,15.Sep,n,https://lendingclub.com/browse/loanDetail.action?loan_id=60810436,,debt_consolidation,Debt consolidation,114xx,NY,6.53,0,12.Jan,0,,,7,0,7358,62.4,8,f,7856.01,7856.01,4460.37,4460.37,3243.99,1216.38,0,0,0,16.Oct,372.35,16.Oct,16.Oct,0,,1,INDIVIDUAL,,,,0,0,11752,,,,,,,,,,,,11800,,,,4,1679,1418,83.1,0,0,23,44,1,1,0,1,,21,,0,3,5,4,4,1,6,7,5,7,0,0,0,1,100,75,0,0,16194,11752,8400,4394,0
115,20600,20600,20600,60,11.53,453.36,B,B5,General manager,9 years,MORTGAGE,118000,Verified,15.Sep,n,https://lendingclub.com/browse/loanDetail.action?loan_id=60772516,,debt_consolidation,Debt consolidation,481xx,MI,26.58,0,4.Apr,0,,,11,0,27552,60.3,29,f,0,0,20882.48,20882.48,20600,282.48,0,0,0,15.Nov,20895.68,,15.Nov,0,,1,INDIVIDUAL,,,,0,0,274567,,,,,,,,,,,,45700,,,,4,24961,3751,86.6,0,0,123,134,26,4,7,134,,12,,0,1,3,1,4,9,4,12,3,11,0,0,0,2,100,100,0,0,329390,107251,28000,98222,0
116,6000,6000,6000,36,10.99,196.41,B,B4,Loan officer,8 years,MORTGAGE,43000,Verified,15.Sep,n,https://lendingclub.com/browse/loanDetail.action?loan_id=60741516,,debt_consolidation,Debt consolidation,296xx,SC,17.5,0,3.Oct,2,37,,15,0,3143,22.6,55,f,0,0,6470.39,6470.39,6000,470.39,0,0,0,16.Jul,4902.77,,16.Jul,0,43,1,INDIVIDUAL,,,,0,0,31184,,,,,,,,,,,,13900,,,,17,3118,3141,47.6,0,0,115,143,1,1,0,3,37,1,37,1,2,4,2,6,21,14,34,4,15,0,0,0,7,94.5,0,0,0,45235,31184,6000,31335,0
118,20000,20000,20000,60,12.29,447.83,C,C1,Nurse Manager,9 years,MORTGAGE,75000,Not Verified,15.Sep,n,https://lendingclub.com/browse/loanDetail.action?loan_id=61016470,,debt_consolidation,Debt consolidation,598xx,MT,14.14,0,3.Nov,0,36,,13,0,15516,46.3,33,f,16914.05,16914.05,5360.3,5360.3,3085.95,2274.35,0,0,0,16.Oct,447.83,16.Oct,16.Oct,0,,1,INDIVIDUAL,,,,0,0,435898,,,,,,,,,,,,33500,,,,3,39627,11984,56.4,0,0,140,142,9,9,3,9,36,15,36,0,3,3,5,10,11,9,19,3,13,0,0,0,1,87.9,40,0,0,484498,45099,27500,40727,0
119,6500,6500,6500,36,13.99,222.13,C,C4,Technolofy Administrator,3 years,MORTGAGE,66500,Source Verified,15.Sep,n,https://lendingclub.com/browse/loanDetail.action?loan_id=60752283,,credit_card,Credit card refinancing,592xx,MT,17,0,3.Sep,1,,,10,0,5514,83.5,13,f,4626.69,4626.69,2660.51,2660.51,1873.31,787.2,0,0,0,16.Oct,222.13,16.Oct,16.Oct,0,,1,INDIVIDUAL,,,,0,278,139797,,,,,,,,,,,,6600,,,,6,13980,432,92.6,0,0,144,22,11,5,1,16,,5,,0,3,4,3,3,8,4,4,4,10,0,0,0,2,100,100,0,0,146699,60562,5800,57544,0
120,6500,6500,6500,36,11.53,214.44,B,B5,Pharmacy technician,10+ years,RENT,48000,Verified,15.Sep,n,https://lendingclub.com/browse/loanDetail.action?loan_id=60892821,,credit_card,Credit card refinancing,481xx,MI,5.15,0,2.Apr,0,24,,7,0,5861,87.5,14,f,4576.64,4576.64,2581.95,2581.95,1923.36,658.59,0,0,0,16.Oct,214.44,16.Nov,16.Oct,0,52,1,INDIVIDUAL,,,,0,75,32999,,,,,,,,,,,,6700,,,,0,4714,5,99.8,0,0,161,156,28,28,1,33,,,,1,3,6,3,5,2,6,10,6,7,0,0,0,0,85.7,100,0,0,141700,5861,3300,0,0
121,21000,21000,21000,36,12.69,704.45,C,C2,Legal Assistant,2 years,MORTGAGE,47000,Not Verified,15.Sep,n,https://lendingclub.com/browse/loanDetail.action?loan_id=60616281,,credit_card,Credit card refinancing,483xx,MI,37.95,0,Sep.93,0,,,10,0,38613,68.2,18,f,14862.67,14862.67,8438.6,8438.6,6137.33,2301.27,0,0,0,16.Oct,704.45,16.Oct,16.Oct,0,,1,INDIVIDUAL,,,,0,0,46328,,,,,,,,,,,,56600,,,,3,4633,7263,81.9,0,0,129,264,10,10,0,10,,13,,0,4,6,4,7,4,8,14,6,10,0,0,0,1,100,75,0,0,80708,46328,40200,24108,0
122,20000,20000,20000,60,10.99,434.75,B,B4,Sr bank examiner ,10+ years,RENT,94000,Not Verified,15.Sep,n,https://lendingclub.com/browse/loanDetail.action?loan_id=60972522,,other,Other,116xx,NY,30.79,0,Apr.95,1,,,19,0,14552,38.2,51,f,16824.19,16824.19,5204.79,5204.79,3175.81,2028.98,0,0,0,16.Oct,434.75,16.Oct,16.Oct,0,,1,INDIVIDUAL,,,,0,0,59667,,,,,,,,,,,,40100,,,,7,3140,17774,40.6,0,0,241,245,6,6,0,6,,6,,0,7,10,8,20,15,13,35,10,19,0,0,0,2,100,12.5,0,0,109896,59667,29900,69796,0
123,6525,6525,6525,36,9.99,210.52,B,B3,coach operator,2 years,RENT,27000,Source Verified,15.Sep,n,https://lendingclub.com/browse/loanDetail.action?loan_id=60870238,,credit_card,Credit card refinancing,857xx,AZ,12.62,0,8.Feb,0,,,8,0,6579,38.7,13,f,4562.36,4562.36,2542.77,2542.77,1962.64,580.13,0,0,0,16.Oct,210.52,16.Nov,16.Oct,0,,1,INDIVIDUAL,,,,0,170,11516,,,,,,,,,,,,17000,,,,5,1440,4546,15.8,0,0,13,91,14,13,0,14,,13,,0,2,5,3,4,1,7,12,5,8,0,0,0,0,100,0,0,0,23065,11516,5400,6065,0
124,6000,6000,6000,36,13.33,203.12,C,C3,Sales supervisor ,4 years,RENT,35000,Source Verified,15.Sep,n,https://lendingclub.com/browse/loanDetail.action?loan_id=60932808,,debt_consolidation,Debt consolidation,928xx,CA,18.79,0,8.Sep,1,,,5,0,4673,57.7,16,f,4258.51,4258.51,2433,2433,1741.49,691.51,0,0,0,16.Oct,203.12,16.Oct,16.Oct,0,,1,INDIVIDUAL,,,,0,0,76772,,,,,,,,,,,,8100,,,,3,15354,3797,49.4,0,0,84,61,18,3,0,18,,3,,0,2,3,2,2,13,3,3,3,5,0,0,0,1,100,0,0,0,80697,76772,7500,72597,0
125,7200,7200,7200,36,12.29,240.15,C,C1,teacher,8 years,MORTGAGE,53000,Not Verified,15.Sep,n,https://lendingclub.com/browse/loanDetail.action?loan_id=60901262,,debt_consolidation,Debt consolidation,785xx,TX,37.18,0,4.Jan,0,,,8,0,9751,37.6,25,f,5820.01,5820.01,1916.28,1916.28,1379.99,536.29,0,0,0,16.Jun,240.15,16.Oct,16.Oct,1,,1,INDIVIDUAL,,,,0,2795,44992,,,,,,,,,,,,25900,,,,4,6427,14648,39.2,0,0,111,140,15,14,1,25,,1,,0,3,4,3,6,16,4,8,4,8,0,0,0,0,100,0,0,0,93395,44992,24100,67495,1
126,25475,25475,25425,36,14.65,878.74,C,C5,Sr Auditor,10+ years,MORTGAGE,125000,Not Verified,15.Sep,n,https://lendingclub.com/browse/loanDetail.action?loan_id=60597317,,debt_consolidation,Debt consolidation,931xx,CA,22.21,0,Dec.87,0,,,21,0,65493,74.6,41,f,18834.43,18797.46,9800.91,9781.67,6640.57,3160.34,0,0,0,16.Sep,878.74,16.Nov,16.Oct,0,,1,INDIVIDUAL,,,,0,0,1019847,,,,,,,,,,,,92000,,,,3,50992,6909,97.1,0,0,132,333,9,9,4,11,,11,,0,9,12,9,14,2,19,34,12,21,0,0,0,3,100,88.9,0,0,1105900,87988,70100,40900,0
128,6000,6000,6000,36,12.29,200.12,C,C1,Automation Panel Engineer,3 years,MORTGAGE,40000,Verified,15.Sep,n,https://lendingclub.com/browse/loanDetail.action?loan_id=60902598,,credit_card,Credit card refinancing,312xx,GA,32.73,0,Oct.99,1,,83,12,1,9928,75.2,20,f,4238.95,4238.95,2368.66,2368.66,1761.05,607.61,0,0,0,16.Sep,200.12,16.Nov,16.Oct,0,,1,INDIVIDUAL,,,,0,0,27041,,,,,,,,,,,,13200,,,,4,2253,1635,84.7,0,0,161,165,0,0,1,15,,0,,0,7,9,7,9,7,10,12,9,12,0,0,0,2,100,57.1,1,0,34792,27041,10700,21592,0
129,3500,3500,3500,36,14.65,120.73,C,C5,Machine Operator,10+ years,MORTGAGE,72000,Verified,15.Sep,n,https://lendingclub.com/browse/loanDetail.action?loan_id=60762590,,other,Other,287xx,NC,24.01,0,Feb.98,0,50,,15,0,17169,64.1,32,f,2498.51,2498.51,1445.91,1445.91,1001.49,444.42,0,0,0,16.Oct,120.73,16.Oct,16.Oct,0,72,1,INDIVIDUAL,,,,0,7127,120841,,,,,,,,,,,,26800,,,,3,8632,764,95,0,0,128,211,13,7,3,13,72,,50,3,7,11,7,13,7,12,22,11,15,0,0,0,1,87.5,85.7,0,0,151300,30521,15200,15700,0
130,21500,21500,21500,36,9.99,693.65,B,B3,Network Operations Center Engineer,4 years,RENT,81000,Not Verified,15.Sep,n,https://lendingclub.com/browse/loanDetail.action?loan_id=60892794,,credit_card,Credit card refinancing,714xx,LA,27.79,0,Jan.96,0,,,15,0,27601,47.5,21,f,0,0,22133.9,22133.9,21500,633.9,0,0,0,16.Jan,20758.53,,16.Mar,0,,1,INDIVIDUAL,,,,0,0,57709,,,,,,,,,,,,58100,,,,6,3847,23100,26.4,0,0,54,236,8,8,0,8,,8,,0,4,6,4,5,8,11,13,6,15,0,0,0,5,100,50,0,0,103529,57709,31400,45429,0
131,12000,12000,12000,36,9.99,387.15,B,B3,Business Development Executive,2 years,RENT,75000,Not Verified,15.Sep,n,https://lendingclub.com/browse/loanDetail.action?loan_id=60782615,,small_business,Business,941xx,CA,26.56,0,Dec.85,0,,52,7,1,7165,32,30,w,8390.71,8390.71,4639.14,4639.14,3609.29,1029.85,0,0,0,16.Oct,387.15,16.Oct,16.Oct,0,,1,INDIVIDUAL,,,,0,0,39169,,,,,,,,,,,,22400,,,,4,6528,13281,29.7,0,0,142,357,30,7,3,33,,17,,0,2,3,4,14,8,5,19,3,7,0,0,0,1,100,0,1,0,77305,39169,18900,54905,0
132,13000,13000,13000,60,12.29,291.09,C,C1,E5,5 years,RENT,46000,Not Verified,15.Sep,n,https://lendingclub.com/browse/loanDetail.action?loan_id=60802502,,debt_consolidation,Debt consolidation,283xx,NC,28.4,0,4.Aug,0,50,,16,0,6675,18.7,32,f,10994.13,10994.13,3493.07,3493.07,2005.87,1487.2,0,0,0,16.Oct,291.09,16.Nov,16.Oct,0,50,1,INDIVIDUAL,,,,0,0,13681,,,,,,,,,,,,35600,,,,9,855,8883,27.8,0,0,125,133,3,3,2,16,50,15,50,1,4,10,4,7,5,14,25,10,16,0,0,0,2,93.5,0,0,0,72820,13681,12300,37220,0
134,35000,35000,35000,36,13.33,1184.86,C,C3,Public Relations Director,5 years,MORTGAGE,130000,Verified,15.Sep,n,https://lendingclub.com/browse/loanDetail.action?loan_id=60962637,,debt_consolidation,Debt consolidation,601xx,IL,18.92,0,Dec.76,4,32,,15,0,56379,92,35,f,24841.39,24841.39,14255.72,14255.72,10158.61,4097.11,0,0,0,16.Oct,1184.86,16.Nov,16.Oct,0,,1,INDIVIDUAL,,,,0,0,210621,,,,,,,,,,,,61606,,,,3,16201,8444,95,0,0,99,465,5,5,3,5,47,3,32,0,7,9,11,13,7,9,22,8,13,,0,0,3,91,85.7,0,0,240022,88212,59106,18768,0
135,10000,10000,10000,36,7.89,312.86,A,A5,FRONT/MA,10+ years,MORTGAGE,38000,Not Verified,15.Sep,n,https://lendingclub.com/browse/loanDetail.action?loan_id=60782038,,credit_card,Credit card refinancing,741xx,OK,20.81,0,Nov.96,0,,,11,0,19297,64.8,24,f,6925.07,6925.07,3753.54,3753.54,3074.93,678.61,0,0,0,16.Oct,312.86,16.Nov,16.Oct,0,,1,INDIVIDUAL,,,,0,0,108483,,,,,,,,,,,,29800,,,,2,10848,3009,84.9,0,0,137,226,13,13,3,13,,,,0,4,6,4,5,9,7,12,6,11,0,0,0,0,100,50,0,0,132979,25132,19900,15438,0
139,11000,11000,11000,36,12.29,366.89,C,C1,Manager,8 years,RENT,51500,Source Verified,15.Sep,n,https://lendingclub.com/browse/loanDetail.action?loan_id=60762591,,debt_consolidation,Debt consolidation,201xx,VA,24.21,0,Nov.97,0,,71,17,1,6598,69.5,20,f,7771.37,7771.37,4395.17,4395.17,3228.63,1166.54,0,0,0,16.Oct,366.89,16.Oct,16.Oct,0,,1,INDIVIDUAL,,,,0,0,60170,,,,,,,,,,,,9500,,,,6,3539,1153,76.9,0,0,214,91,21,13,0,50,,13,,0,3,7,3,6,10,7,10,7,17,0,0,0,0,100,66.7,1,0,69687,60170,5000,60187,0
140,35000,35000,35000,60,14.65,826.24,C,C5,FACILITIES MAINTENANCE MECHANIC,10+ years,MORTGAGE,120000,Source Verified,15.Sep,n,https://lendingclub.com/browse/loanDetail.action?loan_id=60752232,,debt_consolidation,Debt consolidation,762xx,TX,14.75,0,Apr.92,0,,,12,0,21241,57.9,24,w,0,0,35974.3,35974.3,35000,974.3,0,0,0,16.Jan,150.31,,15.Dec,0,,1,INDIVIDUAL,,,,0,0,254460,,,,,,,,,,,,36700,,,,2,23133,1660,74.5,0,0,146,80,21,19,2,21,,18,,0,1,4,2,3,8,7,13,4,12,0,0,0,0,100,50,0,0,330915,31588,6500,53323,0
141,7000,7000,7000,36,13.99,239.21,C,C4,Paralegal,9 years,RENT,43500,Source Verified,15.Sep,n,https://lendingclub.com/browse/loanDetail.action?loan_id=60780437,,home_improvement,Home improvement,296xx,SC,16.36,1,2.Mar,0,11,49,13,1,6215,46,32,w,4982.68,4982.68,2884.12,2884.12,2017.32,866.8,0,0,0,16.Oct,239.21,16.Nov,16.Oct,0,11,1,INDIVIDUAL,,,,0,15418,13626,,,,,,,,,,,,13500,,,,5,1048,497,89.2,0,0,127,162,4,4,1,4,97,23,97,2,3,10,3,7,13,11,18,10,13,0,0,1,2,93.7,66.7,0,0,27939,13626,4600,14439,0
142,30000,30000,30000,60,9.99,637.27,B,B3,Editor/Author,< 1 year,MORTGAGE,90000,Source Verified,15.Sep,n,https://lendingclub.com/browse/loanDetail.action?loan_id=60982500,,debt_consolidation,Debt consolidation,606xx,IL,21.69,0,Jan.90,0,,,10,0,27971,41.1,20,f,25130.82,25130.82,7505.71,7505.71,4869.18,2636.53,0,0,0,16.Sep,637.27,16.Nov,16.Oct,0,,1,INDIVIDUAL,,,,0,0,322629,,,,,,,,,,,,68000,,,,1,32263,40029,41.1,0,0,13,306,51,13,6,51,,,,0,3,3,6,10,1,6,10,3,10,0,0,0,0,100,33.3,0,0,412919,68590,68000,28000,0
143,9000,9000,9000,36,12.29,300.18,C,C1,Project Analyst,10+ years,RENT,70000,Source Verified,15.Sep,n,https://lendingclub.com/browse/loanDetail.action?loan_id=60752799,,debt_consolidation,Debt consolidation,786xx,TX,12.98,0,12.Apr,0,,,5,0,6052,97.6,5,f,6358.43,6358.43,3596.02,3596.02,2641.57,954.45,0,0,0,16.Oct,300.18,16.Oct,16.Oct,0,,1,INDIVIDUAL,,,,0,0,21427,,,,,,,,,,,,6200,,,,1,4285,113,98.1,0,0,41,37,10,10,0,10,,10,,0,3,4,3,3,1,4,4,4,5,0,0,0,1,100,100,0,0,33712,21427,5900,27512,0
144,20000,20000,20000,36,12.69,670.9,C,C2,Communications Supervisor,10+ years,MORTGAGE,90000,Not Verified,15.Sep,n,https://lendingclub.com/browse/loanDetail.action?loan_id=60822998,,credit_card,Credit card refinancing,891xx,NV,24.07,0,2.Feb,0,,,11,0,30852,85.2,21,f,14155.53,14155.53,8082.61,8082.61,5844.47,2238.14,0,0,0,16.Oct,670.9,16.Nov,16.Oct,1,,1,INDIVIDUAL,,,,0,56,351473,,,,,,,,,,,,36200,,,,7,31952,870,92.4,0,0,125,163,3,3,2,3,,11,,0,4,8,4,4,9,8,10,8,11,0,0,0,6,100,75,0,0,376940,64610,11400,50220,0
145,3250,3250,3250,36,13.33,110.03,C,C3,Graphic Designer,9 years,RENT,66132,Verified,15.Sep,n,https://lendingclub.com/browse/loanDetail.action?loan_id=60882646,,credit_card,Credit card refinancing,542xx,WI,24.5,0,2.Sep,5,,,11,0,25558,74.7,46,f,2306.61,2306.61,1317.95,1317.95,943.39,374.56,0,0,0,16.Oct,110.03,16.Oct,16.Oct,0,,1,INDIVIDUAL,,,,0,0,52752,,,,,,,,,,,,34200,,,,2,4796,5326,81.4,0,0,156,142,18,2,5,18,,2,,0,5,7,5,10,24,7,17,7,11,0,0,0,1,100,60,0,0,82280,52752,28700,48080,0
146,10000,10000,10000,36,13.99,341.73,C,C4,Food Server,6 years,RENT,75000,Not Verified,15.Sep,n,https://lendingclub.com/browse/loanDetail.action?loan_id=60831518,,debt_consolidation,Debt consolidation,941xx,CA,16.56,0,8.Feb,2,,,16,0,16019,39.4,21,f,7118.09,7118.09,4092.99,4092.99,2881.91,1211.08,0,0,0,16.Oct,341.73,16.Oct,16.Oct,0,,1,INDIVIDUAL,,,,0,2530,37893,,,,,,,,,,,,40700,,,,8,2368,21580,39,0,0,61,91,2,2,0,2,,2,,0,9,12,10,12,3,13,18,12,16,0,0,0,4,100,20,0,0,71449,37893,35400,30749,0
147,25000,25000,25000,60,14.65,590.17,C,C5,Sr Financial Analyst,1 year,OWN,82700,Not Verified,15.Sep,n,https://lendingclub.com/browse/loanDetail.action?loan_id=60800298,,debt_consolidation,Debt consolidation,605xx,IL,33.13,0,Sep.91,3,,,16,0,36017,48.2,31,f,15987.96,15987.96,11942.03,11942.03,9012.04,2929.99,0,0,0,16.Oct,590.17,16.Oct,16.Oct,0,,1,INDIVIDUAL,,,,0,0,351574,,,,,,,,,,,,111700,,,,8,23438,53725,37.4,0,0,121,288,1,1,2,95,,4,,0,3,5,4,7,16,9,13,5,16,0,0,0,6,100,0,0,0,453324,103251,63700,91319,0
148,7000,7000,7000,36,9.17,223.16,B,B2,Counselor,7 years,MORTGAGE,48000,Source Verified,15.Sep,n,https://lendingclub.com/browse/loanDetail.action?loan_id=60752766,,debt_consolidation,Debt consolidation,768xx,TX,11.98,0,Oct.93,1,45,,6,0,7126,67.9,38,f,4876.2,4876.2,2679.69,2679.69,2123.8,555.89,0,0,0,16.Oct,223.16,16.Nov,16.Oct,0,80,1,INDIVIDUAL,,,,0,1313,53327,,,,,,,,,,,,10500,,,,6,8888,3374,67.9,0,0,121,263,4,3,2,4,80,4,80,1,2,2,2,3,31,2,5,2,6,0,0,0,3,94.7,50,0,0,82106,21700,10500,16206,0
149,9600,9600,9600,36,12.69,322.04,C,C2,Accountant manager,6 years,RENT,45000,Source Verified,15.Sep,n,https://lendingclub.com/browse/loanDetail.action?loan_id=60982509,,debt_consolidation,Debt consolidation,331xx,FL,30.05,0,11.Jun,1,,,7,0,8564,89.2,9,f,6794.29,6794.29,3857.71,3857.71,2805.71,1052,0,0,0,16.Oct,322.04,16.Oct,16.Oct,0,,1,INDIVIDUAL,,,,0,0,42981,,,,,,,,,,,,9600,,,,4,6140,0,100.5,0,0,46,51,6,6,0,27,,0,,0,2,5,2,2,4,5,5,5,7,0,0,0,1,100,100,0,0,57170,42981,3000,47570,0
150,18000,18000,18000,36,13.99,615.11,C,C4,Senior engineer,3 years,RENT,95000,Source Verified,15.Sep,n,https://lendingclub.com/browse/loanDetail.action?loan_id=60186989,,debt_consolidation,Debt consolidation,150xx,PA,13.17,0,11.Aug,3,,,9,0,27993,58.7,10,f,0,0,3334.41,3334.41,815.24,455.69,0,2063.48,371.4264,15.Dec,669.81,,16.Oct,0,,1,INDIVIDUAL,,,,0,0,47492,,,,,,,,,,,,47700,,,,5,5277,18007,60.9,0,0,27,49,6,6,0,6,,2,,0,4,4,5,6,1,7,8,4,9,0,0,0,3,100,40,0,0,84581,47492,46000,33599,1
151,20000,20000,20000,36,9.17,637.58,B,B2,Regional Operations Specialist,10+ years,RENT,98000,Source Verified,15.Sep,n,https://lendingclub.com/browse/loanDetail.action?loan_id=60913091,,debt_consolidation,Debt consolidation,150xx,PA,9.7,0,9.May,0,25,,9,0,7683,41.1,14,f,13932.22,13932.22,7640.77,7640.77,6067.78,1572.99,0,0,0,16.Oct,637.58,16.Oct,16.Oct,0,,1,INDIVIDUAL,,,,0,0,17931,,,,,,,,,,,,18700,,,,2,2241,2115,78.2,0,0,15,76,16,15,0,45,,,25,0,2,3,2,2,1,8,13,3,9,0,0,0,0,92.9,50,0,0,32950,17931,9700,14250,0
152,16000,16000,16000,36,12.29,533.65,C,C1,Deputy,10+ years,MORTGAGE,78000,Not Verified,15.Sep,n,https://lendingclub.com/browse/loanDetail.action?loan_id=60752778,,home_improvement,Home improvement,352xx,AL,38.53,1,4.Oct,1,6,,17,0,15246,67.2,36,f,11303.91,11303.91,6392.88,6392.88,4696.09,1696.79,0,0,0,16.Oct,533.65,16.Oct,16.Oct,0,,1,INDIVIDUAL,,,,0,0,166059,,,,,,,,,,,,22700,,,,7,10379,3673,73.6,0,0,121,131,9,9,1,9,,4,,0,5,7,6,8,14,11,20,7,17,0,0,0,3,100,50,0,0,229253,62414,13900,91112,0
154,10400,10400,10400,36,12.29,346.88,C,C1,voice Talent,10+ years,RENT,49000,Source Verified,15.Sep,n,https://lendingclub.com/browse/loanDetail.action?loan_id=60882605,,debt_consolidation,Debt consolidation,722xx,AR,19.86,0,12.Jun,1,,,3,0,4772,68.2,6,f,7297.88,7297.88,4204.54,4204.54,3102.12,1102.42,0,0,0,16.Oct,346.88,16.Oct,16.Oct,0,,1,INDIVIDUAL,,,,0,0,39960,,,,,,,,,,,,7000,,,,2,13320,2159,56.8,0,0,19,39,33,5,0,38,,5,,0,1,2,1,1,2,2,4,2,3,0,0,0,1,100,0,0,0,43826,39960,5000,36826,0
156,21000,21000,21000,36,9.99,677.52,B,B3,Director,< 1 year,MORTGAGE,230000,Source Verified,15.Sep,n,https://lendingclub.com/browse/loanDetail.action?loan_id=60902578,,debt_consolidation,Debt consolidation,945xx,CA,13.32,0,Sep.89,0,,,7,0,46319,95.9,22,f,0,0,22222.3,22222.3,21000,1222.3,0,0,0,16.May,18125.65,,16.Oct,0,,1,INDIVIDUAL,,,,0,0,1047327,,,,,,,,,,,,48300,,,,3,149618,1981,95.9,0,0,183,312,9,9,7,25,,10,,0,2,2,2,4,9,2,6,2,7,0,0,0,1,100,100,0,0,1112144,117829,48300,88844,0
157,20000,20000,20000,60,12.69,451.9,C,C2,truck driver,10+ years,MORTGAGE,95000,Not Verified,15.Sep,n,https://lendingclub.com/browse/loanDetail.action?loan_id=60697438,,debt_consolidation,Debt consolidation,953xx,CA,31.39,0,May.90,0,76,,14,0,25776,54.7,41,f,16941.36,16941.36,5408.7,5408.7,3058.64,2350.06,0,0,0,16.Oct,451.9,16.Oct,16.Oct,0,76,1,INDIVIDUAL,,,,0,0,367191,,,,,,,,,,,,47100,,,,8,26228,16387,49.7,0,0,115,304,2,1,4,16,,15,,1,4,7,6,14,11,9,26,7,14,0,0,0,5,97.6,50,0,0,405378,115263,32600,104278,0
158,35000,35000,34950,36,14.65,1207.3,C,C5,District Genral Manager ,10+ years,RENT,105000,Verified,15.Sep,n,https://lendingclub.com/browse/loanDetail.action?loan_id=60823009,,debt_consolidation,Debt consolidation,853xx,AZ,25.89,0,2.Aug,0,51,,14,0,10610,44.6,22,f,24985.12,24949.43,14615.78,14594.9,10014.88,4600.9,0,0,0,16.Oct,1207.3,16.Nov,16.Oct,0,51,1,INDIVIDUAL,,,,0,168,43419,,,,,,,,,,,,23800,,,,5,3340,364,95,0,0,40,157,8,8,2,25,51,10,51,4,3,6,3,7,5,9,13,6,14,0,0,0,3,81.8,100,0,0,93060,43419,7300,69260,0
159,28000,28000,28000,60,14.65,660.99,C,C5,Warranty Administrator,1 year,RENT,98000,Not Verified,15.Sep,n,https://lendingclub.com/browse/loanDetail.action?loan_id=60982484,,other,Other,220xx,VA,32.76,0,Jan.99,1,38,,21,0,21287,37.9,43,f,23902.2,23902.2,7909.09,7909.09,4097.8,3811.29,0,0,0,16.Oct,660.99,16.Oct,16.Oct,0,,1,INDIVIDUAL,,,,0,0,134527,,,,,,,,,,,,56100,,,,8,7080,3489,0.3,0,0,144,200,3,3,0,17,,4,38,0,1,7,3,13,16,14,26,7,21,0,0,0,2,100,0,0,0,215347,134527,3500,147774,0
160,15000,15000,15000,60,11.53,330.12,B,B5,registered nurse,8 years,MORTGAGE,80000,Source Verified,15.Sep,n,https://lendingclub.com/browse/loanDetail.action?loan_id=60741461,,debt_consolidation,Debt consolidation,194xx,PA,8.46,0,4.Sep,1,44,,8,0,30141,64.1,18,f,12646.25,12646.25,3951.83,3951.83,2353.75,1598.08,0,0,0,16.Oct,330.12,16.Oct,16.Oct,0,,1,INDIVIDUAL,,,,0,0,211585,,,,,,,,,,,,47000,,,,4,26448,12751,16.7,0,0,125,132,0,0,2,0,44,3,44,0,1,4,3,8,5,6,11,4,8,0,0,0,3,94.4,0,0,0,249629,38702,15300,21006,0
161,10000,10000,10000,36,9.17,318.79,B,B2,Contracting Officer,5 years,OWN,83468,Verified,15.Sep,n,https://lendingclub.com/browse/loanDetail.action?loan_id=60913082,,debt_consolidation,Debt consolidation,871xx,NM,10.97,8,Jun.00,0,3,,11,0,6679,37.5,35,f,6971.5,6971.5,3858.67,3858.67,3028.5,814.23,15.94,0,0,16.Oct,318.79,16.Nov,16.Oct,0,3,1,INDIVIDUAL,,,,0,0,430103,,,,,,,,,,,,17800,,,,0,39100,7409,33.8,0,0,183,182,36,25,1,51,35,5,10,1,2,6,2,6,11,8,23,6,11,0,0,5,0,71,50,0,0,462838,89753,11200,72191,0
163,1500,1500,1500,36,12.29,50.03,C,C1,,n/a,MORTGAGE,22214,Verified,15.Sep,n,https://lendingclub.com/browse/loanDetail.action?loan_id=60942673,,debt_consolidation,Debt consolidation,300xx,GA,19.77,0,2.Feb,1,31,111,5,1,4933,88.1,9,f,0,0,1575.73,1575.73,1500,75.73,0,0,0,16.Jun,526.54,,16.Jun,0,31,1,INDIVIDUAL,,,,0,0,72609,,,,,,,,,,,,5600,,,,2,14522,0,103.8,0,0,144,163,2,2,1,97,,1,,1,1,3,1,2,2,3,6,3,4,0,0,0,1,88.9,100,1,0,111583,7169,3500,3100,0
164,12000,12000,12000,36,7.26,371.96,A,A4,Contract Analyst,10+ years,MORTGAGE,60000,Verified,15.Sep,n,https://lendingclub.com/browse/loanDetail.action?loan_id=60657524,,debt_consolidation,Debt consolidation,787xx,TX,13.9,0,Nov.98,0,,,14,0,5546,19.1,40,w,8605.6,8605.6,4121.2,4121.2,3394.4,726.8,0,0,0,16.Sep,371.96,16.Nov,16.Oct,0,,1,INDIVIDUAL,,,,0,0,198226,,,,,,,,,,,,29100,,,,11,15248,17483,23,0,0,121,202,3,3,3,3,,4,,0,4,5,6,15,11,10,26,5,14,0,0,0,5,100,16.7,0,0,229706,31719,22700,33606,0
165,10000,10000,10000,36,12.69,335.45,C,C2,collector,2 years,MORTGAGE,45000,Source Verified,15.Sep,n,https://lendingclub.com/browse/loanDetail.action?loan_id=60832677,,debt_consolidation,Debt consolidation,551xx,MN,18.29,0,2.Apr,0,,78,6,1,4465,26.6,10,f,7077.49,7077.49,4018.35,4018.35,2922.51,1095.84,0,0,0,16.Oct,335.45,16.Oct,16.Oct,0,,1,INDIVIDUAL,,,,0,0,18952,,,,,,,,,,,,16800,,,,4,3159,6452,34.2,0,0,135,161,6,5,0,44,,,,0,1,3,1,3,4,3,6,3,6,0,0,0,3,100,0,1,0,34500,18952,9800,17700,0
167,1000,1000,1000,36,10.99,32.74,B,B4,department supervisor,10+ years,MORTGAGE,25000,Not Verified,15.Sep,n,https://lendingclub.com/browse/loanDetail.action?loan_id=60862402,,medical,Medical expenses,271xx,NC,34.66,0,Mar.99,1,,,8,0,8403,42,12,w,702.32,702.32,392.27,392.27,297.68,94.59,0,0,0,16.Oct,32.74,16.Oct,16.Oct,0,,1,INDIVIDUAL,,,,0,0,63583,,,,,,,,,,,,20000,,,,2,9083,10142,38.5,0,0,83,198,75,18,1,119,,3,,0,2,4,2,4,4,5,7,4,8,0,0,0,0,100,0,0,0,101974,17298,16500,17174,0
168,9000,9000,9000,36,9.17,286.92,B,B2,Master tech,10+ years,MORTGAGE,110000,Source Verified,15.Sep,n,https://lendingclub.com/browse/loanDetail.action?loan_id=60812745,,debt_consolidation,Debt consolidation,064xx,CT,13.65,0,Dec.00,0,,68,10,2,17478,61.3,17,f,6269.39,6269.39,3438.46,3438.46,2730.61,707.85,0,0,0,16.Oct,286.92,16.Oct,16.Oct,0,,1,INDIVIDUAL,,,,0,0,243859,,,,,,,,,,,,28500,,,,6,27095,3107,56.8,0,0,145,177,1,1,6,11,,4,,0,2,5,3,3,3,6,7,5,10,0,0,0,4,100,33.3,1,0,268979,31859,7200,28479,0
169,1325,1325,1325,36,9.17,42.24,B,B2,,n/a,RENT,18204,Not Verified,15.Sep,n,https://lendingclub.com/browse/loanDetail.action?loan_id=60922425,,debt_consolidation,Debt consolidation,495xx,MI,34.92,0,May.94,0,,,19,0,13421,13.9,26,f,992.59,992.59,422.7,422.7,332.41,90.29,0,0,0,16.Aug,42.24,16.Nov,16.Oct,0,,1,INDIVIDUAL,,,,0,0,20550,,,,,,,,,,,,96300,,,,3,1142,60753,16.1,0,0,149,256,14,12,0,38,,14,,0,7,12,10,13,5,17,21,12,19,0,0,0,1,100,0,0,0,105619,20550,72400,9319,1
170,18000,18000,18000,60,10.99,391.28,B,B4,mechanic,10+ years,MORTGAGE,70000,Not Verified,15.Sep,n,https://lendingclub.com/browse/loanDetail.action?loan_id=60772468,,credit_card,Credit card refinancing,134xx,NY,23.11,0,2.Oct,1,,,12,0,27507,59.9,30,f,15141.71,15141.71,4684.37,4684.37,2858.29,1826.08,0,0,0,16.Oct,391.28,16.Oct,16.Oct,0,,1,INDIVIDUAL,,,,0,0,171462,,,,,,,,,,,,45900,,,,4,14289,13060,59.7,0,0,155,144,0,0,2,0,,2,,0,3,5,7,10,12,9,16,5,12,0,0,0,3,100,42.9,0,0,221524,53303,32400,44886,0
172,13000,13000,12975,60,12.29,291.09,C,C1,Driver,10+ years,MORTGAGE,70000,Not Verified,15.Sep,n,https://lendingclub.com/browse/loanDetail.action?loan_id=60921218,,debt_consolidation,Debt consolidation,152xx,PA,14.62,0,4.Mar,1,60,,13,0,9377,18.5,41,f,10994.12,10972.98,3484.2,3477.5,2005.88,1478.32,0,0,0,16.Oct,291.09,16.Oct,16.Oct,0,,1,INDIVIDUAL,,,,0,0,73088,,,,,,,,,,,,50700,,,,11,5622,20918,30.7,0,0,128,138,4,4,2,4,,4,,0,2,3,7,18,14,11,25,3,13,0,0,0,6,97.6,14.3,0,0,123500,24569,30200,19000,0
173,10000,10000,10000,60,11.53,220.08,B,B5,Office Manager,5 years,RENT,50000,Source Verified,15.Sep,n,https://lendingclub.com/browse/loanDetail.action?loan_id=60872622,,debt_consolidation,Debt consolidation,190xx,PA,10.27,0,Dec.00,1,30,,6,0,4742,49.9,22,f,8430.83,8430.83,2634.55,2634.55,1569.17,1065.38,0,0,0,16.Oct,220.08,16.Oct,16.Oct,0,31,1,INDIVIDUAL,,,,0,165,9468,,,,,,,,,,,,9500,,,,2,1578,880,79.5,0,0,138,177,6,6,3,47,30,0,30,1,2,3,2,6,3,5,16,3,6,0,0,0,1,72.7,50,0,0,18413,9468,4300,8913,0
174,9000,9000,9000,36,7.89,281.58,A,A5,Office Manager,4 years,MORTGAGE,33120,Verified,15.Sep,n,https://lendingclub.com/browse/loanDetail.action?loan_id=60952911,,debt_consolidation,Debt consolidation,302xx,GA,7.43,0,2.Feb,0,,,6,0,8781,59.3,17,f,6232.48,6232.48,3375.02,3375.02,2767.52,607.5,0,0,0,16.Oct,281.58,16.Oct,16.Oct,0,,1,INDIVIDUAL,,,,0,0,110006,,,,,,,,,,,,14800,,,,1,22001,3319,72.6,0,0,152,163,25,15,1,25,,,,0,3,3,3,5,7,5,9,3,6,0,0,0,0,100,33.3,0,0,117800,8781,12100,0,0
175,8750,8750,8750,36,7.89,273.75,A,A5,Tax Manager,10+ years,MORTGAGE,88800,Not Verified,15.Sep,n,https://lendingclub.com/browse/loanDetail.action?loan_id=60932779,,debt_consolidation,Debt consolidation,774xx,TX,27.36,0,Jul.99,0,,,12,0,9096,42.5,27,f,6059.46,6059.46,3281.16,3281.16,2690.54,590.62,0,0,0,16.Oct,273.75,16.Oct,16.Oct,0,,1,INDIVIDUAL,,,,0,0,328668,,,,,,,,,,,,21400,,,,4,32867,8316,50.8,0,0,152,194,22,7,2,22,,10,,0,2,4,2,7,11,7,14,4,12,0,0,0,1,100,0,0,0,399092,84703,16900,101899,0
176,20000,20000,20000,60,12.69,451.9,C,C2,Senior Secretary,10+ years,MORTGAGE,62000,Not Verified,15.Sep,n,https://lendingclub.com/browse/loanDetail.action?loan_id=60820842,,debt_consolidation,Debt consolidation,326xx,FL,20.94,0,May.99,0,,,8,0,24884,69.5,20,f,16941.36,16941.36,5408.7,5408.7,3058.64,2350.06,0,0,0,16.Oct,451.9,16.Oct,16.Oct,0,,1,INDIVIDUAL,,,,0,0,200174,,,,,,,,,,,,35800,,,,3,25022,2269,68.9,0,0,196,164,14,1,5,106,,1,,0,2,6,2,2,7,6,8,6,8,0,0,0,1,100,0,0,0,220063,52539,7300,27655,0
177,6400,6400,6400,36,9.99,206.48,B,B3,Manager,5 years,MORTGAGE,35000,Source Verified,15.Sep,n,https://lendingclub.com/browse/loanDetail.action?loan_id=60772484,,debt_consolidation,Debt consolidation,327xx,FL,18.76,0,1.Jul,0,,,16,0,8575,20.7,19,f,4475.04,4475.04,2474.21,2474.21,1924.96,549.25,0,0,0,16.Oct,206.48,16.Oct,16.Oct,1,,1,INDIVIDUAL,,,,0,725,142711,,,,,,,,,,,,41500,,,,10,8919,11694,34.3,0,0,144,170,2,2,1,2,,19,,0,5,10,7,8,2,14,16,10,16,0,0,0,2,100,0,0,0,180619,9270,17800,1655,0
178,24000,24000,24000,60,9.99,509.82,B,B3,Reliabilty Engineer,3 years,MORTGAGE,100000,Not Verified,15.Sep,n,https://lendingclub.com/browse/loanDetail.action?loan_id=60810434,,debt_consolidation,Debt consolidation,550xx,MN,20.27,2,1.Jun,0,11,,16,0,2850,7.4,27,f,20104.61,20104.61,6121.53,6121.53,3895.39,2226.14,0,0,0,16.Oct,526.83,16.Nov,16.Oct,0,31,1,INDIVIDUAL,,,,0,0,628154,,,,,,,,,,,,40700,,,,4,39260,35050,7.5,0,0,169,171,3,3,3,3,11,5,11,0,3,3,5,7,12,7,12,3,16,0,0,0,3,100,0,0,0,707657,76572,37900,112057,0
179,10000,10000,10000,36,12.29,333.53,C,C1,,n/a,OWN,52000,Verified,15.Sep,n,https://lendingclub.com/browse/loanDetail.action?loan_id=60892461,,home_improvement,Home improvement,295xx,SC,32.82,0,5.Sep,2,,11,15,4,13092,75.2,34,f,7064.96,7064.96,3995.53,3995.53,2935.04,1060.49,0,0,0,16.Oct,333.53,16.Oct,16.Oct,0,,1,INDIVIDUAL,,,,0,302,59013,,,,,,,,,,,,17400,,,,12,3934,2099,83.9,0,0,85,120,4,4,0,10,,0,,0,8,13,8,15,6,13,28,13,15,0,0,0,6,100,75,0,4,78518,59013,13000,61118,0
181,20000,20000,20000,36,9.99,645.25,B,B3,Engineer 2,5 years,OWN,95000,Source Verified,15.Sep,n,https://lendingclub.com/browse/loanDetail.action?loan_id=60772473,,debt_consolidation,Debt consolidation,914xx,CA,6.28,0,4.Dec,3,,,11,0,19168,36.2,16,f,12984.24,12984.24,8731.9,8731.9,7015.76,1716.14,0,0,0,16.Oct,645.25,16.Oct,16.Oct,0,,1,INDIVIDUAL,,,,0,0,673203,,,,,,,,,,,,53000,,,,8,67320,15332,55.6,0,0,73,129,7,3,4,7,,5,,0,4,4,6,6,1,10,10,4,11,0,0,0,3,100,20,0,0,708000,19168,34500,0,0
184,16625,16625,16625,36,12.29,554.5,C,C1,Registered Nurse,10+ years,MORTGAGE,60000,Not Verified,15.Sep,n,https://lendingclub.com/browse/loanDetail.action?loan_id